Date,Item Code,Item Name,Department,Price,Qty
2024-01-01,SO-001,Single Origin item 1,Single Origin,12.14,14
2024-01-03,SO-001,Single Origin item 1,Single Origin,12.14,14
2024-01-08,SO-001,Single Origin item 1,Single Origin,14.80,25
2024-01-15,SO-001,Single Origin item 1,Single Origin,14.80,31
2024-01-22,SO-001,Single Origin item 1,Single Origin,14.80,32
2024-01-29,SO-001,Single Origin item 1,Single Origin,14.80,5
2024-01-31,SO-001,Single Origin item 1,Single Origin,14.80,5
2024-02-02,SO-001,Single Origin item 1,Single Origin,14.80,5
2024-02-05,SO-001,Single Origin item 1,Single Origin,14.80,31
2024-02-12,SO-001,Single Origin item 1,Single Origin,14.80,11
2024-02-14,SO-001,Single Origin item 1,Single Origin,14.80,11
2024-02-19,SO-001,Single Origin item 1,Single Origin,14.80,11
2024-02-21,SO-001,Single Origin item 1,Single Origin,14.80,11
2024-02-26,SO-001,Single Origin item 1,Single Origin,10.47,35
2024-03-04,SO-001,Single Origin item 1,Single Origin,14.80,14
2024-03-06,SO-001,Single Origin item 1,Single Origin,14.80,14
2024-03-08,SO-001,Single Origin item 1,Single Origin,14.80,13
2024-03-11,SO-001,Single Origin item 1,Single Origin,10.90,11
2024-03-13,SO-001,Single Origin item 1,Single Origin,10.90,11
2024-03-18,SO-001,Single Origin item 1,Single Origin,14.80,18
2024-03-20,SO-001,Single Origin item 1,Single Origin,14.80,18
2024-03-25,SO-001,Single Origin item 1,Single Origin,14.80,7
2024-03-27,SO-001,Single Origin item 1,Single Origin,14.80,6
2024-03-29,SO-001,Single Origin item 1,Single Origin,14.80,6
2024-04-01,SO-001,Single Origin item 1,Single Origin,14.80,15
2024-04-03,SO-001,Single Origin item 1,Single Origin,14.80,14
2024-04-08,SO-001,Single Origin item 1,Single Origin,12.81,9
2024-04-10,SO-001,Single Origin item 1,Single Origin,12.81,9
2024-04-12,SO-001,Single Origin item 1,Single Origin,12.81,8
2024-04-15,SO-001,Single Origin item 1,Single Origin,14.80,11
2024-04-17,SO-001,Single Origin item 1,Single Origin,14.80,10
2024-04-22,SO-001,Single Origin item 1,Single Origin,14.80,10
2024-04-24,SO-001,Single Origin item 1,Single Origin,14.80,9
2024-04-29,SO-001,Single Origin item 1,Single Origin,14.80,11
2024-05-01,SO-001,Single Origin item 1,Single Origin,14.80,11
2024-05-03,SO-001,Single Origin item 1,Single Origin,14.80,10
2024-05-06,SO-001,Single Origin item 1,Single Origin,14.80,31
2024-05-13,SO-001,Single Origin item 1,Single Origin,14.80,8
2024-05-15,SO-001,Single Origin item 1,Single Origin,14.80,8
2024-05-17,SO-001,Single Origin item 1,Single Origin,14.80,7
2024-05-20,SO-001,Single Origin item 1,Single Origin,14.80,14
2024-05-22,SO-001,Single Origin item 1,Single Origin,14.80,13
2024-05-27,SO-001,Single Origin item 1,Single Origin,14.80,17
2024-05-29,SO-001,Single Origin item 1,Single Origin,14.80,16
2024-06-03,SO-001,Single Origin item 1,Single Origin,14.80,18
2024-06-10,SO-001,Single Origin item 1,Single Origin,14.80,9
2024-06-12,SO-001,Single Origin item 1,Single Origin,14.80,9
2024-06-14,SO-001,Single Origin item 1,Single Origin,14.80,9
2024-06-17,SO-001,Single Origin item 1,Single Origin,14.80,10
2024-06-19,SO-001,Single Origin item 1,Single Origin,14.80,10
2024-06-24,SO-001,Single Origin item 1,Single Origin,11.75,15
2024-06-26,SO-001,Single Origin item 1,Single Origin,11.75,15
2024-07-01,SO-001,Single Origin item 1,Single Origin,14.80,27
2024-07-08,SO-001,Single Origin item 1,Single Origin,14.80,9
2024-07-10,SO-001,Single Origin item 1,Single Origin,14.80,8
2024-07-12,SO-001,Single Origin item 1,Single Origin,14.80,8
2024-07-15,SO-001,Single Origin item 1,Single Origin,14.80,39
2024-07-22,SO-001,Single Origin item 1,Single Origin,14.80,11
2024-07-24,SO-001,Single Origin item 1,Single Origin,14.80,10
2024-07-29,SO-001,Single Origin item 1,Single Origin,14.80,20
2024-08-05,SO-001,Single Origin item 1,Single Origin,14.80,29
2024-08-12,SO-001,Single Origin item 1,Single Origin,14.80,8
2024-08-14,SO-001,Single Origin item 1,Single Origin,14.80,8
2024-08-16,SO-001,Single Origin item 1,Single Origin,14.80,7
2024-08-19,SO-001,Single Origin item 1,Single Origin,14.80,26
2024-08-26,SO-001,Single Origin item 1,Single Origin,14.80,29
2024-09-02,SO-001,Single Origin item 1,Single Origin,14.80,22
2024-09-09,SO-001,Single Origin item 1,Single Origin,14.80,12
2024-09-11,SO-001,Single Origin item 1,Single Origin,14.80,12
2024-09-16,SO-001,Single Origin item 1,Single Origin,11.42,27
2024-09-23,SO-001,Single Origin item 1,Single Origin,14.80,27
2024-09-30,SO-001,Single Origin item 1,Single Origin,14.80,24
2024-10-07,SO-001,Single Origin item 1,Single Origin,14.80,11
2024-10-09,SO-001,Single Origin item 1,Single Origin,14.80,11
2024-10-14,SO-001,Single Origin item 1,Single Origin,14.80,10
2024-10-16,SO-001,Single Origin item 1,Single Origin,14.80,10
2024-10-21,SO-001,Single Origin item 1,Single Origin,14.80,9
2024-10-23,SO-001,Single Origin item 1,Single Origin,14.80,9
2024-10-25,SO-001,Single Origin item 1,Single Origin,14.80,8
2024-10-28,SO-001,Single Origin item 1,Single Origin,14.80,7
2024-10-30,SO-001,Single Origin item 1,Single Origin,14.80,7
2024-11-01,SO-001,Single Origin item 1,Single Origin,14.80,7
2024-11-04,SO-001,Single Origin item 1,Single Origin,14.80,13
2024-11-06,SO-001,Single Origin item 1,Single Origin,14.80,13
2024-11-11,SO-001,Single Origin item 1,Single Origin,14.80,11
2024-11-13,SO-001,Single Origin item 1,Single Origin,14.80,10
2024-11-15,SO-001,Single Origin item 1,Single Origin,14.80,10
2024-11-18,SO-001,Single Origin item 1,Single Origin,14.80,6
2024-11-20,SO-001,Single Origin item 1,Single Origin,14.80,5
2024-11-25,SO-001,Single Origin item 1,Single Origin,14.80,8
2024-11-27,SO-001,Single Origin item 1,Single Origin,14.80,7
2024-11-29,SO-001,Single Origin item 1,Single Origin,14.80,7
2024-12-02,SO-001,Single Origin item 1,Single Origin,14.80,9
2024-12-04,SO-001,Single Origin item 1,Single Origin,14.80,8
2024-12-06,SO-001,Single Origin item 1,Single Origin,14.80,8
2024-12-09,SO-001,Single Origin item 1,Single Origin,14.80,18
2024-12-11,SO-001,Single Origin item 1,Single Origin,14.80,17
2024-12-16,SO-001,Single Origin item 1,Single Origin,14.80,11
2024-12-18,SO-001,Single Origin item 1,Single Origin,14.80,11
2024-12-20,SO-001,Single Origin item 1,Single Origin,14.80,10
2024-12-23,SO-001,Single Origin item 1,Single Origin,14.80,16
2024-12-25,SO-001,Single Origin item 1,Single Origin,14.80,16
2024-01-01,SO-002,Single Origin item 2,Single Origin,7.09,5
2024-01-03,SO-002,Single Origin item 2,Single Origin,7.09,4
2024-01-05,SO-002,Single Origin item 2,Single Origin,7.09,4
2024-01-08,SO-002,Single Origin item 2,Single Origin,7.09,5
2024-01-10,SO-002,Single Origin item 2,Single Origin,7.09,4
2024-01-12,SO-002,Single Origin item 2,Single Origin,7.09,4
2024-01-15,SO-002,Single Origin item 2,Single Origin,6.00,6
2024-01-17,SO-002,Single Origin item 2,Single Origin,6.00,6
2024-01-19,SO-002,Single Origin item 2,Single Origin,6.00,6
2024-01-22,SO-002,Single Origin item 2,Single Origin,7.09,3
2024-01-24,SO-002,Single Origin item 2,Single Origin,7.09,3
2024-01-26,SO-002,Single Origin item 2,Single Origin,7.09,3
2024-01-29,SO-002,Single Origin item 2,Single Origin,7.09,12
2024-02-05,SO-002,Single Origin item 2,Single Origin,7.09,12
2024-02-12,SO-002,Single Origin item 2,Single Origin,7.09,19
2024-02-19,SO-002,Single Origin item 2,Single Origin,7.09,10
2024-02-21,SO-002,Single Origin item 2,Single Origin,7.09,9
2024-02-26,SO-002,Single Origin item 2,Single Origin,7.09,15
2024-03-04,SO-002,Single Origin item 2,Single Origin,7.09,3
2024-03-06,SO-002,Single Origin item 2,Single Origin,7.09,3
2024-03-08,SO-002,Single Origin item 2,Single Origin,7.09,3
2024-03-11,SO-002,Single Origin item 2,Single Origin,7.09,13
2024-03-18,SO-002,Single Origin item 2,Single Origin,7.09,12
2024-03-20,SO-002,Single Origin item 2,Single Origin,7.09,11
2024-03-25,SO-002,Single Origin item 2,Single Origin,7.09,8
2024-03-27,SO-002,Single Origin item 2,Single Origin,7.09,7
2024-04-01,SO-002,Single Origin item 2,Single Origin,7.09,8
2024-04-08,SO-002,Single Origin item 2,Single Origin,7.09,18
2024-04-15,SO-002,Single Origin item 2,Single Origin,7.09,4
2024-04-17,SO-002,Single Origin item 2,Single Origin,7.09,4
2024-04-22,SO-002,Single Origin item 2,Single Origin,5.92,9
2024-04-24,SO-002,Single Origin item 2,Single Origin,5.92,8
2024-04-29,SO-002,Single Origin item 2,Single Origin,7.09,6
2024-05-01,SO-002,Single Origin item 2,Single Origin,7.09,6
2024-05-03,SO-002,Single Origin item 2,Single Origin,7.09,6
2024-05-06,SO-002,Single Origin item 2,Single Origin,5.08,5
2024-05-08,SO-002,Single Origin item 2,Single Origin,5.08,4
2024-05-13,SO-002,Single Origin item 2,Single Origin,7.09,7
2024-05-15,SO-002,Single Origin item 2,Single Origin,7.09,7
2024-05-17,SO-002,Single Origin item 2,Single Origin,7.09,7
2024-05-20,SO-002,Single Origin item 2,Single Origin,7.09,4
2024-05-22,SO-002,Single Origin item 2,Single Origin,7.09,4
2024-05-27,SO-002,Single Origin item 2,Single Origin,7.09,6
2024-05-29,SO-002,Single Origin item 2,Single Origin,7.09,6
2024-06-03,SO-002,Single Origin item 2,Single Origin,5.90,2
2024-06-05,SO-002,Single Origin item 2,Single Origin,5.90,2
2024-06-10,SO-002,Single Origin item 2,Single Origin,6.27,5
2024-06-12,SO-002,Single Origin item 2,Single Origin,6.27,5
2024-06-14,SO-002,Single Origin item 2,Single Origin,6.27,5
2024-06-17,SO-002,Single Origin item 2,Single Origin,7.09,27
2024-06-24,SO-002,Single Origin item 2,Single Origin,7.09,5
2024-06-26,SO-002,Single Origin item 2,Single Origin,7.09,5
2024-06-28,SO-002,Single Origin item 2,Single Origin,7.09,5
2024-07-01,SO-002,Single Origin item 2,Single Origin,7.09,10
2024-07-08,SO-002,Single Origin item 2,Single Origin,7.09,5
2024-07-10,SO-002,Single Origin item 2,Single Origin,7.09,4
2024-07-12,SO-002,Single Origin item 2,Single Origin,7.09,4
2024-07-15,SO-002,Single Origin item 2,Single Origin,5.61,8
2024-07-22,SO-002,Single Origin item 2,Single Origin,7.09,9
2024-07-29,SO-002,Single Origin item 2,Single Origin,7.09,4
2024-07-31,SO-002,Single Origin item 2,Single Origin,7.09,4
2024-08-02,SO-002,Single Origin item 2,Single Origin,7.09,4
2024-08-05,SO-002,Single Origin item 2,Single Origin,7.09,5
2024-08-07,SO-002,Single Origin item 2,Single Origin,7.09,4
2024-08-09,SO-002,Single Origin item 2,Single Origin,7.09,4
2024-08-12,SO-002,Single Origin item 2,Single Origin,7.09,14
2024-08-19,SO-002,Single Origin item 2,Single Origin,7.09,8
2024-08-21,SO-002,Single Origin item 2,Single Origin,7.09,8
2024-08-26,SO-002,Single Origin item 2,Single Origin,7.09,9
2024-09-02,SO-002,Single Origin item 2,Single Origin,6.15,6
2024-09-09,SO-002,Single Origin item 2,Single Origin,7.09,8
2024-09-11,SO-002,Single Origin item 2,Single Origin,7.09,8
2024-09-16,SO-002,Single Origin item 2,Single Origin,7.09,5
2024-09-18,SO-002,Single Origin item 2,Single Origin,7.09,5
2024-09-20,SO-002,Single Origin item 2,Single Origin,7.09,4
2024-09-23,SO-002,Single Origin item 2,Single Origin,7.09,14
2024-09-30,SO-002,Single Origin item 2,Single Origin,7.09,21
2024-10-07,SO-002,Single Origin item 2,Single Origin,7.09,10
2024-10-09,SO-002,Single Origin item 2,Single Origin,7.09,9
2024-10-14,SO-002,Single Origin item 2,Single Origin,7.09,4
2024-10-16,SO-002,Single Origin item 2,Single Origin,7.09,3
2024-10-18,SO-002,Single Origin item 2,Single Origin,7.09,3
2024-10-21,SO-002,Single Origin item 2,Single Origin,7.09,7
2024-10-23,SO-002,Single Origin item 2,Single Origin,7.09,6
2024-10-28,SO-002,Single Origin item 2,Single Origin,6.13,12
2024-10-30,SO-002,Single Origin item 2,Single Origin,6.13,12
2024-11-04,SO-002,Single Origin item 2,Single Origin,5.03,6
2024-11-06,SO-002,Single Origin item 2,Single Origin,5.03,6
2024-11-11,SO-002,Single Origin item 2,Single Origin,7.09,7
2024-11-13,SO-002,Single Origin item 2,Single Origin,7.09,6
2024-11-15,SO-002,Single Origin item 2,Single Origin,7.09,6
2024-11-18,SO-002,Single Origin item 2,Single Origin,7.09,4
2024-11-20,SO-002,Single Origin item 2,Single Origin,7.09,4
2024-11-22,SO-002,Single Origin item 2,Single Origin,7.09,3
2024-11-25,SO-002,Single Origin item 2,Single Origin,7.09,6
2024-11-27,SO-002,Single Origin item 2,Single Origin,7.09,5
2024-12-02,SO-002,Single Origin item 2,Single Origin,7.09,10
2024-12-09,SO-002,Single Origin item 2,Single Origin,7.09,13
2024-12-16,SO-002,Single Origin item 2,Single Origin,7.09,7
2024-12-18,SO-002,Single Origin item 2,Single Origin,7.09,6
2024-12-23,SO-002,Single Origin item 2,Single Origin,7.09,12
2024-01-01,SO-003,Single Origin item 3,Single Origin,9.46,10
2024-01-03,SO-003,Single Origin item 3,Single Origin,9.46,10
2024-01-05,SO-003,Single Origin item 3,Single Origin,9.46,9
2024-01-08,SO-003,Single Origin item 3,Single Origin,9.46,26
2024-01-15,SO-003,Single Origin item 3,Single Origin,7.38,9
2024-01-17,SO-003,Single Origin item 3,Single Origin,7.38,8
2024-01-19,SO-003,Single Origin item 3,Single Origin,7.38,8
2024-01-22,SO-003,Single Origin item 3,Single Origin,7.41,18
2024-01-24,SO-003,Single Origin item 3,Single Origin,7.41,18
2024-01-29,SO-003,Single Origin item 3,Single Origin,9.46,10
2024-01-31,SO-003,Single Origin item 3,Single Origin,9.46,10
2024-02-05,SO-003,Single Origin item 3,Single Origin,9.46,33
2024-02-12,SO-003,Single Origin item 3,Single Origin,9.46,7
2024-02-14,SO-003,Single Origin item 3,Single Origin,9.46,7
2024-02-16,SO-003,Single Origin item 3,Single Origin,9.46,6
2024-02-19,SO-003,Single Origin item 3,Single Origin,9.46,27
2024-02-26,SO-003,Single Origin item 3,Single Origin,9.46,9
2024-02-28,SO-003,Single Origin item 3,Single Origin,9.46,8
2024-03-04,SO-003,Single Origin item 3,Single Origin,7.42,20
2024-03-06,SO-003,Single Origin item 3,Single Origin,7.42,19
2024-03-11,SO-003,Single Origin item 3,Single Origin,9.46,34
2024-03-18,SO-003,Single Origin item 3,Single Origin,9.46,18
2024-03-20,SO-003,Single Origin item 3,Single Origin,9.46,18
2024-03-25,SO-003,Single Origin item 3,Single Origin,9.46,7
2024-03-27,SO-003,Single Origin item 3,Single Origin,9.46,7
2024-03-29,SO-003,Single Origin item 3,Single Origin,9.46,6
2024-04-01,SO-003,Single Origin item 3,Single Origin,9.46,15
2024-04-03,SO-003,Single Origin item 3,Single Origin,9.46,14
2024-04-08,SO-003,Single Origin item 3,Single Origin,9.46,7
2024-04-10,SO-003,Single Origin item 3,Single Origin,9.46,7
2024-04-12,SO-003,Single Origin item 3,Single Origin,9.46,7
2024-04-15,SO-003,Single Origin item 3,Single Origin,9.46,25
2024-04-22,SO-003,Single Origin item 3,Single Origin,9.46,35
2024-04-29,SO-003,Single Origin item 3,Single Origin,9.46,14
2024-05-01,SO-003,Single Origin item 3,Single Origin,9.46,14
2024-05-03,SO-003,Single Origin item 3,Single Origin,9.46,13
2024-05-06,SO-003,Single Origin item 3,Single Origin,6.91,35
2024-05-13,SO-003,Single Origin item 3,Single Origin,7.10,49
2024-05-20,SO-003,Single Origin item 3,Single Origin,9.46,18
2024-05-27,SO-003,Single Origin item 3,Single Origin,9.46,10
2024-05-29,SO-003,Single Origin item 3,Single Origin,9.46,9
2024-05-31,SO-003,Single Origin item 3,Single Origin,9.46,9
2024-06-03,SO-003,Single Origin item 3,Single Origin,7.31,30
2024-06-10,SO-003,Single Origin item 3,Single Origin,7.49,6
2024-06-12,SO-003,Single Origin item 3,Single Origin,7.49,6
2024-06-14,SO-003,Single Origin item 3,Single Origin,7.49,6
2024-06-17,SO-003,Single Origin item 3,Single Origin,9.46,8
2024-06-19,SO-003,Single Origin item 3,Single Origin,9.46,8
2024-06-21,SO-003,Single Origin item 3,Single Origin,9.46,8
2024-06-24,SO-003,Single Origin item 3,Single Origin,7.48,11
2024-06-26,SO-003,Single Origin item 3,Single Origin,7.48,11
2024-06-28,SO-003,Single Origin item 3,Single Origin,7.48,11
2024-07-01,SO-003,Single Origin item 3,Single Origin,9.46,20
2024-07-08,SO-003,Single Origin item 3,Single Origin,9.46,17
2024-07-10,SO-003,Single Origin item 3,Single Origin,9.46,16
2024-07-15,SO-003,Single Origin item 3,Single Origin,9.59,10
2024-07-17,SO-003,Single Origin item 3,Single Origin,9.59,10
2024-07-19,SO-003,Single Origin item 3,Single Origin,9.59,9
2024-07-22,SO-003,Single Origin item 3,Single Origin,9.59,9
2024-07-24,SO-003,Single Origin item 3,Single Origin,9.59,8
2024-07-29,SO-003,Single Origin item 3,Single Origin,9.59,10
2024-07-31,SO-003,Single Origin item 3,Single Origin,9.59,9
2024-08-02,SO-003,Single Origin item 3,Single Origin,9.59,9
2024-08-05,SO-003,Single Origin item 3,Single Origin,9.59,23
2024-08-12,SO-003,Single Origin item 3,Single Origin,9.59,10
2024-08-14,SO-003,Single Origin item 3,Single Origin,9.59,9
2024-08-16,SO-003,Single Origin item 3,Single Origin,9.59,9
2024-08-19,SO-003,Single Origin item 3,Single Origin,9.59,9
2024-08-21,SO-003,Single Origin item 3,Single Origin,9.59,9
2024-08-23,SO-003,Single Origin item 3,Single Origin,9.59,9
2024-08-26,SO-003,Single Origin item 3,Single Origin,9.59,16
2024-08-28,SO-003,Single Origin item 3,Single Origin,9.59,15
2024-09-02,SO-003,Single Origin item 3,Single Origin,9.59,11
2024-09-04,SO-003,Single Origin item 3,Single Origin,9.59,11
2024-09-06,SO-003,Single Origin item 3,Single Origin,9.59,11
2024-09-09,SO-003,Single Origin item 3,Single Origin,9.59,8
2024-09-11,SO-003,Single Origin item 3,Single Origin,9.59,7
2024-09-16,SO-003,Single Origin item 3,Single Origin,8.47,22
2024-09-23,SO-003,Single Origin item 3,Single Origin,9.59,16
2024-09-25,SO-003,Single Origin item 3,Single Origin,9.59,15
2024-09-30,SO-003,Single Origin item 3,Single Origin,9.59,37
2024-10-07,SO-003,Single Origin item 3,Single Origin,9.59,12
2024-10-09,SO-003,Single Origin item 3,Single Origin,9.59,11
2024-10-11,SO-003,Single Origin item 3,Single Origin,9.59,11
2024-10-14,SO-003,Single Origin item 3,Single Origin,9.59,17
2024-10-16,SO-003,Single Origin item 3,Single Origin,9.59,16
2024-10-21,SO-003,Single Origin item 3,Single Origin,9.59,19
2024-10-23,SO-003,Single Origin item 3,Single Origin,9.59,18
2024-10-28,SO-003,Single Origin item 3,Single Origin,9.59,16
2024-10-30,SO-003,Single Origin item 3,Single Origin,9.59,16
2024-11-01,SO-003,Single Origin item 3,Single Origin,9.59,15
2024-11-04,SO-003,Single Origin item 3,Single Origin,9.59,9
2024-11-06,SO-003,Single Origin item 3,Single Origin,9.59,8
2024-11-08,SO-003,Single Origin item 3,Single Origin,9.59,8
2024-11-11,SO-003,Single Origin item 3,Single Origin,7.44,13
2024-11-13,SO-003,Single Origin item 3,Single Origin,7.44,13
2024-11-18,SO-003,Single Origin item 3,Single Origin,9.59,35
2024-11-25,SO-003,Single Origin item 3,Single Origin,9.59,34
2024-12-02,SO-003,Single Origin item 3,Single Origin,9.59,27
2024-12-09,SO-003,Single Origin item 3,Single Origin,9.59,29
2024-12-16,SO-003,Single Origin item 3,Single Origin,7.78,19
2024-12-18,SO-003,Single Origin item 3,Single Origin,7.78,19
2024-12-23,SO-003,Single Origin item 3,Single Origin,9.59,32
2024-01-01,SO-004,Single Origin item 4,Single Origin,6.59,47
2024-01-03,SO-004,Single Origin item 4,Single Origin,6.59,47
2024-01-08,SO-004,Single Origin item 4,Single Origin,5.82,116
2024-01-15,SO-004,Single Origin item 4,Single Origin,5.36,46
2024-01-17,SO-004,Single Origin item 4,Single Origin,5.36,46
2024-01-22,SO-004,Single Origin item 4,Single Origin,6.59,35
2024-01-24,SO-004,Single Origin item 4,Single Origin,6.59,35
2024-01-26,SO-004,Single Origin item 4,Single Origin,6.59,35
2024-01-29,SO-004,Single Origin item 4,Single Origin,6.59,111
2024-02-05,SO-004,Single Origin item 4,Single Origin,6.59,41
2024-02-07,SO-004,Single Origin item 4,Single Origin,6.59,40
2024-02-09,SO-004,Single Origin item 4,Single Origin,6.59,40
2024-02-12,SO-004,Single Origin item 4,Single Origin,5.33,66
2024-02-14,SO-004,Single Origin item 4,Single Origin,5.33,65
2024-02-19,SO-004,Single Origin item 4,Single Origin,6.59,30
2024-02-21,SO-004,Single Origin item 4,Single Origin,6.59,29
2024-02-23,SO-004,Single Origin item 4,Single Origin,6.59,29
2024-02-26,SO-004,Single Origin item 4,Single Origin,6.59,57
2024-02-28,SO-004,Single Origin item 4,Single Origin,6.59,57
2024-03-04,SO-004,Single Origin item 4,Single Origin,6.59,88
2024-03-11,SO-004,Single Origin item 4,Single Origin,4.69,61
2024-03-13,SO-004,Single Origin item 4,Single Origin,4.69,60
2024-03-18,SO-004,Single Origin item 4,Single Origin,6.59,44
2024-03-20,SO-004,Single Origin item 4,Single Origin,6.59,43
2024-03-25,SO-004,Single Origin item 4,Single Origin,5.23,41
2024-03-27,SO-004,Single Origin item 4,Single Origin,5.23,41
2024-04-01,SO-004,Single Origin item 4,Single Origin,4.68,64
2024-04-03,SO-004,Single Origin item 4,Single Origin,4.68,64
2024-04-08,SO-004,Single Origin item 4,Single Origin,6.59,112
2024-04-15,SO-004,Single Origin item 4,Single Origin,6.59,72
2024-04-22,SO-004,Single Origin item 4,Single Origin,5.18,39
2024-04-24,SO-004,Single Origin item 4,Single Origin,5.18,38
2024-04-26,SO-004,Single Origin item 4,Single Origin,5.18,38
2024-04-29,SO-004,Single Origin item 4,Single Origin,7.21,35
2024-05-01,SO-004,Single Origin item 4,Single Origin,7.21,35
2024-05-03,SO-004,Single Origin item 4,Single Origin,7.21,35
2024-05-06,SO-004,Single Origin item 4,Single Origin,7.21,92
2024-05-13,SO-004,Single Origin item 4,Single Origin,7.21,50
2024-05-15,SO-004,Single Origin item 4,Single Origin,7.21,49
2024-05-20,SO-004,Single Origin item 4,Single Origin,7.21,46
2024-05-22,SO-004,Single Origin item 4,Single Origin,7.21,46
2024-05-27,SO-004,Single Origin item 4,Single Origin,7.21,106
2024-06-03,SO-004,Single Origin item 4,Single Origin,7.21,43
2024-06-05,SO-004,Single Origin item 4,Single Origin,7.21,43
2024-06-10,SO-004,Single Origin item 4,Single Origin,7.21,47
2024-06-12,SO-004,Single Origin item 4,Single Origin,7.21,46
2024-06-17,SO-004,Single Origin item 4,Single Origin,7.21,101
2024-06-24,SO-004,Single Origin item 4,Single Origin,7.21,25
2024-06-26,SO-004,Single Origin item 4,Single Origin,7.21,24
2024-06-28,SO-004,Single Origin item 4,Single Origin,7.21,24
2024-07-01,SO-004,Single Origin item 4,Single Origin,6.34,48
2024-07-03,SO-004,Single Origin item 4,Single Origin,6.34,47
2024-07-08,SO-004,Single Origin item 4,Single Origin,6.17,84
2024-07-15,SO-004,Single Origin item 4,Single Origin,7.21,35
2024-07-17,SO-004,Single Origin item 4,Single Origin,7.21,34
2024-07-19,SO-004,Single Origin item 4,Single Origin,7.21,34
2024-07-22,SO-004,Single Origin item 4,Single Origin,7.21,40
2024-07-24,SO-004,Single Origin item 4,Single Origin,7.21,39
2024-07-26,SO-004,Single Origin item 4,Single Origin,7.21,39
2024-07-29,SO-004,Single Origin item 4,Single Origin,7.21,37
2024-07-31,SO-004,Single Origin item 4,Single Origin,7.21,37
2024-08-02,SO-004,Single Origin item 4,Single Origin,7.21,37
2024-08-05,SO-004,Single Origin item 4,Single Origin,7.21,56
2024-08-07,SO-004,Single Origin item 4,Single Origin,7.21,56
2024-08-12,SO-004,Single Origin item 4,Single Origin,7.51,30
2024-08-14,SO-004,Single Origin item 4,Single Origin,7.51,30
2024-08-16,SO-004,Single Origin item 4,Single Origin,7.51,29
2024-08-19,SO-004,Single Origin item 4,Single Origin,7.51,85
2024-08-26,SO-004,Single Origin item 4,Single Origin,7.51,35
2024-08-28,SO-004,Single Origin item 4,Single Origin,7.51,34
2024-08-30,SO-004,Single Origin item 4,Single Origin,7.51,34
2024-09-02,SO-004,Single Origin item 4,Single Origin,7.51,23
2024-09-04,SO-004,Single Origin item 4,Single Origin,7.51,23
2024-09-06,SO-004,Single Origin item 4,Single Origin,7.51,22
2024-09-09,SO-004,Single Origin item 4,Single Origin,5.92,52
2024-09-11,SO-004,Single Origin item 4,Single Origin,5.92,52
2024-09-16,SO-004,Single Origin item 4,Single Origin,7.51,88
2024-09-23,SO-004,Single Origin item 4,Single Origin,7.51,40
2024-09-25,SO-004,Single Origin item 4,Single Origin,7.51,40
2024-09-30,SO-004,Single Origin item 4,Single Origin,5.42,54
2024-10-02,SO-004,Single Origin item 4,Single Origin,5.42,54
2024-10-07,SO-004,Single Origin item 4,Single Origin,5.63,38
2024-10-09,SO-004,Single Origin item 4,Single Origin,5.63,38
2024-10-11,SO-004,Single Origin item 4,Single Origin,5.63,37
2024-10-14,SO-004,Single Origin item 4,Single Origin,7.51,47
2024-10-16,SO-004,Single Origin item 4,Single Origin,7.51,46
2024-10-21,SO-004,Single Origin item 4,Single Origin,7.51,43
2024-10-23,SO-004,Single Origin item 4,Single Origin,7.51,43
2024-10-28,SO-004,Single Origin item 4,Single Origin,5.35,118
2024-11-04,SO-004,Single Origin item 4,Single Origin,7.51,50
2024-11-06,SO-004,Single Origin item 4,Single Origin,7.51,50
2024-11-11,SO-004,Single Origin item 4,Single Origin,7.51,101
2024-11-18,SO-004,Single Origin item 4,Single Origin,6.53,30
2024-11-20,SO-004,Single Origin item 4,Single Origin,6.53,30
2024-11-22,SO-004,Single Origin item 4,Single Origin,6.53,30
2024-11-25,SO-004,Single Origin item 4,Single Origin,7.51,89
2024-12-02,SO-004,Single Origin item 4,Single Origin,7.51,32
2024-12-04,SO-004,Single Origin item 4,Single Origin,7.51,32
2024-12-06,SO-004,Single Origin item 4,Single Origin,7.51,32
2024-12-09,SO-004,Single Origin item 4,Single Origin,7.51,52
2024-12-11,SO-004,Single Origin item 4,Single Origin,7.51,51
2024-12-16,SO-004,Single Origin item 4,Single Origin,5.59,56
2024-12-18,SO-004,Single Origin item 4,Single Origin,5.59,55
2024-12-23,SO-004,Single Origin item 4,Single Origin,7.51,93
2024-01-01,SO-005,Single Origin item 5,Single Origin,22.68,15
2024-01-08,SO-005,Single Origin item 5,Single Origin,22.68,3
2024-01-10,SO-005,Single Origin item 5,Single Origin,22.68,2
2024-01-12,SO-005,Single Origin item 5,Single Origin,22.68,2
2024-01-15,SO-005,Single Origin item 5,Single Origin,22.68,9
2024-01-17,SO-005,Single Origin item 5,Single Origin,22.68,8
2024-01-22,SO-005,Single Origin item 5,Single Origin,22.68,14
2024-01-29,SO-005,Single Origin item 5,Single Origin,22.99,16
2024-02-05,SO-005,Single Origin item 5,Single Origin,23.27,4
2024-02-07,SO-005,Single Origin item 5,Single Origin,23.27,4
2024-02-09,SO-005,Single Origin item 5,Single Origin,23.27,4
2024-02-12,SO-005,Single Origin item 5,Single Origin,23.27,8
2024-02-14,SO-005,Single Origin item 5,Single Origin,23.27,7
2024-02-19,SO-005,Single Origin item 5,Single Origin,23.27,12
2024-02-26,SO-005,Single Origin item 5,Single Origin,23.27,13
2024-03-04,SO-005,Single Origin item 5,Single Origin,23.27,7
2024-03-11,SO-005,Single Origin item 5,Single Origin,23.27,9
2024-03-13,SO-005,Single Origin item 5,Single Origin,23.27,9
2024-03-18,SO-005,Single Origin item 5,Single Origin,23.27,6
2024-03-20,SO-005,Single Origin item 5,Single Origin,23.27,5
2024-03-25,SO-005,Single Origin item 5,Single Origin,23.27,10
2024-03-27,SO-005,Single Origin item 5,Single Origin,23.27,10
2024-04-01,SO-005,Single Origin item 5,Single Origin,23.27,7
2024-04-03,SO-005,Single Origin item 5,Single Origin,23.27,7
2024-04-05,SO-005,Single Origin item 5,Single Origin,23.27,6
2024-04-08,SO-005,Single Origin item 5,Single Origin,23.27,7
2024-04-10,SO-005,Single Origin item 5,Single Origin,23.27,6
2024-04-15,SO-005,Single Origin item 5,Single Origin,23.27,4
2024-04-17,SO-005,Single Origin item 5,Single Origin,23.27,3
2024-04-19,SO-005,Single Origin item 5,Single Origin,23.27,3
2024-04-22,SO-005,Single Origin item 5,Single Origin,23.27,6
2024-04-24,SO-005,Single Origin item 5,Single Origin,23.27,5
2024-04-26,SO-005,Single Origin item 5,Single Origin,23.27,5
2024-04-29,SO-005,Single Origin item 5,Single Origin,23.27,7
2024-05-01,SO-005,Single Origin item 5,Single Origin,23.27,6
2024-05-03,SO-005,Single Origin item 5,Single Origin,23.27,6
2024-05-06,SO-005,Single Origin item 5,Single Origin,23.27,18
2024-05-13,SO-005,Single Origin item 5,Single Origin,23.27,15
2024-05-20,SO-005,Single Origin item 5,Single Origin,23.27,4
2024-05-22,SO-005,Single Origin item 5,Single Origin,23.27,3
2024-05-27,SO-005,Single Origin item 5,Single Origin,23.27,5
2024-05-29,SO-005,Single Origin item 5,Single Origin,23.27,5
2024-05-31,SO-005,Single Origin item 5,Single Origin,23.27,4
2024-06-03,SO-005,Single Origin item 5,Single Origin,23.27,6
2024-06-05,SO-005,Single Origin item 5,Single Origin,23.27,6
2024-06-07,SO-005,Single Origin item 5,Single Origin,23.27,5
2024-06-10,SO-005,Single Origin item 5,Single Origin,23.27,7
2024-06-12,SO-005,Single Origin item 5,Single Origin,23.27,7
2024-06-14,SO-005,Single Origin item 5,Single Origin,23.27,6
2024-06-17,SO-005,Single Origin item 5,Single Origin,23.27,6
2024-06-19,SO-005,Single Origin item 5,Single Origin,23.27,6
2024-06-21,SO-005,Single Origin item 5,Single Origin,23.27,5
2024-06-24,SO-005,Single Origin item 5,Single Origin,23.27,20
2024-07-01,SO-005,Single Origin item 5,Single Origin,27.36,3
2024-07-03,SO-005,Single Origin item 5,Single Origin,27.36,3
2024-07-05,SO-005,Single Origin item 5,Single Origin,27.36,3
2024-07-08,SO-005,Single Origin item 5,Single Origin,27.36,7
2024-07-10,SO-005,Single Origin item 5,Single Origin,27.36,6
2024-07-15,SO-005,Single Origin item 5,Single Origin,27.36,3
2024-07-17,SO-005,Single Origin item 5,Single Origin,27.36,3
2024-07-19,SO-005,Single Origin item 5,Single Origin,27.36,3
2024-07-22,SO-005,Single Origin item 5,Single Origin,27.36,8
2024-07-24,SO-005,Single Origin item 5,Single Origin,27.36,7
2024-07-29,SO-005,Single Origin item 5,Single Origin,19.68,6
2024-07-31,SO-005,Single Origin item 5,Single Origin,19.68,6
2024-08-05,SO-005,Single Origin item 5,Single Origin,19.58,4
2024-08-07,SO-005,Single Origin item 5,Single Origin,19.58,4
2024-08-09,SO-005,Single Origin item 5,Single Origin,19.58,3
2024-08-12,SO-005,Single Origin item 5,Single Origin,23.34,14
2024-08-19,SO-005,Single Origin item 5,Single Origin,27.36,7
2024-08-21,SO-005,Single Origin item 5,Single Origin,27.36,6
2024-08-26,SO-005,Single Origin item 5,Single Origin,27.36,11
2024-09-02,SO-005,Single Origin item 5,Single Origin,27.36,4
2024-09-04,SO-005,Single Origin item 5,Single Origin,27.36,4
2024-09-06,SO-005,Single Origin item 5,Single Origin,27.36,3
2024-09-09,SO-005,Single Origin item 5,Single Origin,23.04,5
2024-09-11,SO-005,Single Origin item 5,Single Origin,23.04,4
2024-09-16,SO-005,Single Origin item 5,Single Origin,27.36,6
2024-09-18,SO-005,Single Origin item 5,Single Origin,27.36,5
2024-09-23,SO-005,Single Origin item 5,Single Origin,27.36,15
2024-09-30,SO-005,Single Origin item 5,Single Origin,27.36,9
2024-10-02,SO-005,Single Origin item 5,Single Origin,27.36,8
2024-10-07,SO-005,Single Origin item 5,Single Origin,27.36,5
2024-10-09,SO-005,Single Origin item 5,Single Origin,27.36,5
2024-10-11,SO-005,Single Origin item 5,Single Origin,27.36,4
2024-10-14,SO-005,Single Origin item 5,Single Origin,23.89,4
2024-10-16,SO-005,Single Origin item 5,Single Origin,23.89,4
2024-10-18,SO-005,Single Origin item 5,Single Origin,23.89,3
2024-10-21,SO-005,Single Origin item 5,Single Origin,27.36,9
2024-10-23,SO-005,Single Origin item 5,Single Origin,27.36,9
2024-10-28,SO-005,Single Origin item 5,Single Origin,25.77,8
2024-10-30,SO-005,Single Origin item 5,Single Origin,25.77,8
2024-11-04,SO-005,Single Origin item 5,Single Origin,25.77,10
2024-11-11,SO-005,Single Origin item 5,Single Origin,25.77,9
2024-11-18,SO-005,Single Origin item 5,Single Origin,25.77,4
2024-11-20,SO-005,Single Origin item 5,Single Origin,25.77,4
2024-11-22,SO-005,Single Origin item 5,Single Origin,25.77,4
2024-11-25,SO-005,Single Origin item 5,Single Origin,25.77,15
2024-12-02,SO-005,Single Origin item 5,Single Origin,25.77,6
2024-12-04,SO-005,Single Origin item 5,Single Origin,25.77,6
2024-12-06,SO-005,Single Origin item 5,Single Origin,25.77,6
2024-12-09,SO-005,Single Origin item 5,Single Origin,25.77,5
2024-12-11,SO-005,Single Origin item 5,Single Origin,25.77,5
2024-12-16,SO-005,Single Origin item 5,Single Origin,25.77,10
2024-12-23,SO-005,Single Origin item 5,Single Origin,19.18,4
2024-12-25,SO-005,Single Origin item 5,Single Origin,19.18,3
2024-12-27,SO-005,Single Origin item 5,Single Origin,19.18,3
2024-01-01,SO-006,Single Origin item 6,Single Origin,10.59,20
2024-01-03,SO-006,Single Origin item 6,Single Origin,10.59,19
2024-01-08,SO-006,Single Origin item 6,Single Origin,10.59,58
2024-01-15,SO-006,Single Origin item 6,Single Origin,10.59,20
2024-01-17,SO-006,Single Origin item 6,Single Origin,10.59,20
2024-01-19,SO-006,Single Origin item 6,Single Origin,10.59,20
2024-01-22,SO-006,Single Origin item 6,Single Origin,10.59,25
2024-01-24,SO-006,Single Origin item 6,Single Origin,10.59,25
2024-01-29,SO-006,Single Origin item 6,Single Origin,7.67,13
2024-01-31,SO-006,Single Origin item 6,Single Origin,7.67,13
2024-02-02,SO-006,Single Origin item 6,Single Origin,7.67,13
2024-02-05,SO-006,Single Origin item 6,Single Origin,10.59,17
2024-02-07,SO-006,Single Origin item 6,Single Origin,10.59,16
2024-02-12,SO-006,Single Origin item 6,Single Origin,10.59,15
2024-02-14,SO-006,Single Origin item 6,Single Origin,10.59,14
2024-02-16,SO-006,Single Origin item 6,Single Origin,10.59,14
2024-02-19,SO-006,Single Origin item 6,Single Origin,10.59,55
2024-02-26,SO-006,Single Origin item 6,Single Origin,8.90,20
2024-02-28,SO-006,Single Origin item 6,Single Origin,8.90,19
2024-03-04,SO-006,Single Origin item 6,Single Origin,10.59,44
2024-03-11,SO-006,Single Origin item 6,Single Origin,8.48,29
2024-03-13,SO-006,Single Origin item 6,Single Origin,8.48,28
2024-03-18,SO-006,Single Origin item 6,Single Origin,10.59,19
2024-03-20,SO-006,Single Origin item 6,Single Origin,10.59,18
2024-03-22,SO-006,Single Origin item 6,Single Origin,10.59,18
2024-03-25,SO-006,Single Origin item 6,Single Origin,10.59,29
2024-03-27,SO-006,Single Origin item 6,Single Origin,10.59,28
2024-04-01,SO-006,Single Origin item 6,Single Origin,10.59,11
2024-04-03,SO-006,Single Origin item 6,Single Origin,10.59,11
2024-04-05,SO-006,Single Origin item 6,Single Origin,10.59,11
2024-04-08,SO-006,Single Origin item 6,Single Origin,10.59,21
2024-04-10,SO-006,Single Origin item 6,Single Origin,10.59,20
2024-04-15,SO-006,Single Origin item 6,Single Origin,10.59,10
2024-04-17,SO-006,Single Origin item 6,Single Origin,10.59,10
2024-04-19,SO-006,Single Origin item 6,Single Origin,10.59,9
2024-04-22,SO-006,Single Origin item 6,Single Origin,10.59,25
2024-04-24,SO-006,Single Origin item 6,Single Origin,10.59,24
2024-04-29,SO-006,Single Origin item 6,Single Origin,11.91,36
2024-05-06,SO-006,Single Origin item 6,Single Origin,11.91,40
2024-05-13,SO-006,Single Origin item 6,Single Origin,11.91,20
2024-05-15,SO-006,Single Origin item 6,Single Origin,11.91,20
2024-05-20,SO-006,Single Origin item 6,Single Origin,11.91,39
2024-05-27,SO-006,Single Origin item 6,Single Origin,11.91,55
2024-06-03,SO-006,Single Origin item 6,Single Origin,11.91,28
2024-06-05,SO-006,Single Origin item 6,Single Origin,11.91,28
2024-06-10,SO-006,Single Origin item 6,Single Origin,8.83,22
2024-06-12,SO-006,Single Origin item 6,Single Origin,8.83,22
2024-06-17,SO-006,Single Origin item 6,Single Origin,11.91,48
2024-06-24,SO-006,Single Origin item 6,Single Origin,11.91,15
2024-06-26,SO-006,Single Origin item 6,Single Origin,11.91,15
2024-06-28,SO-006,Single Origin item 6,Single Origin,11.91,15
2024-07-01,SO-006,Single Origin item 6,Single Origin,11.91,21
2024-07-03,SO-006,Single Origin item 6,Single Origin,11.91,21
2024-07-08,SO-006,Single Origin item 6,Single Origin,11.91,41
2024-07-15,SO-006,Single Origin item 6,Single Origin,11.91,48
2024-07-22,SO-006,Single Origin item 6,Single Origin,11.91,13
2024-07-24,SO-006,Single Origin item 6,Single Origin,11.91,13
2024-07-26,SO-006,Single Origin item 6,Single Origin,11.91,12
2024-07-29,SO-006,Single Origin item 6,Single Origin,11.91,50
2024-08-05,SO-006,Single Origin item 6,Single Origin,11.28,20
2024-08-07,SO-006,Single Origin item 6,Single Origin,11.28,19
2024-08-12,SO-006,Single Origin item 6,Single Origin,11.28,20
2024-08-14,SO-006,Single Origin item 6,Single Origin,11.28,19
2024-08-19,SO-006,Single Origin item 6,Single Origin,11.28,19
2024-08-21,SO-006,Single Origin item 6,Single Origin,11.28,19
2024-08-26,SO-006,Single Origin item 6,Single Origin,11.28,24
2024-08-28,SO-006,Single Origin item 6,Single Origin,11.28,23
2024-08-30,SO-006,Single Origin item 6,Single Origin,11.28,23
2024-09-02,SO-006,Single Origin item 6,Single Origin,8.69,20
2024-09-04,SO-006,Single Origin item 6,Single Origin,8.69,19
2024-09-06,SO-006,Single Origin item 6,Single Origin,8.69,19
2024-09-09,SO-006,Single Origin item 6,Single Origin,11.28,39
2024-09-16,SO-006,Single Origin item 6,Single Origin,11.28,34
2024-09-23,SO-006,Single Origin item 6,Single Origin,11.77,39
2024-09-30,SO-006,Single Origin item 6,Single Origin,11.77,54
2024-10-07,SO-006,Single Origin item 6,Single Origin,8.68,51
2024-10-14,SO-006,Single Origin item 6,Single Origin,11.77,29
2024-10-16,SO-006,Single Origin item 6,Single Origin,11.77,29
2024-10-21,SO-006,Single Origin item 6,Single Origin,10.56,14
2024-10-23,SO-006,Single Origin item 6,Single Origin,10.56,14
2024-10-25,SO-006,Single Origin item 6,Single Origin,10.56,14
2024-10-28,SO-006,Single Origin item 6,Single Origin,13.05,38
2024-11-04,SO-006,Single Origin item 6,Single Origin,13.05,42
2024-11-11,SO-006,Single Origin item 6,Single Origin,13.05,19
2024-11-13,SO-006,Single Origin item 6,Single Origin,13.05,18
2024-11-18,SO-006,Single Origin item 6,Single Origin,13.05,50
2024-11-25,SO-006,Single Origin item 6,Single Origin,10.71,17
2024-11-27,SO-006,Single Origin item 6,Single Origin,10.71,17
2024-11-29,SO-006,Single Origin item 6,Single Origin,10.71,16
2024-12-02,SO-006,Single Origin item 6,Single Origin,13.05,35
2024-12-09,SO-006,Single Origin item 6,Single Origin,13.05,48
2024-12-16,SO-006,Single Origin item 6,Single Origin,13.05,19
2024-12-18,SO-006,Single Origin item 6,Single Origin,13.05,19
2024-12-23,SO-006,Single Origin item 6,Single Origin,13.05,22
2024-12-25,SO-006,Single Origin item 6,Single Origin,13.05,21
2024-01-01,SO-007,Single Origin item 7,Single Origin,11.19,50
2024-01-08,SO-007,Single Origin item 7,Single Origin,7.84,20
2024-01-10,SO-007,Single Origin item 7,Single Origin,7.84,20
2024-01-12,SO-007,Single Origin item 7,Single Origin,7.84,20
2024-01-15,SO-007,Single Origin item 7,Single Origin,11.19,35
2024-01-17,SO-007,Single Origin item 7,Single Origin,11.19,34
2024-01-22,SO-007,Single Origin item 7,Single Origin,11.19,34
2024-01-24,SO-007,Single Origin item 7,Single Origin,11.19,33
2024-01-29,SO-007,Single Origin item 7,Single Origin,11.19,21
2024-01-31,SO-007,Single Origin item 7,Single Origin,11.19,21
2024-02-02,SO-007,Single Origin item 7,Single Origin,11.19,21
2024-02-05,SO-007,Single Origin item 7,Single Origin,11.19,14
2024-02-07,SO-007,Single Origin item 7,Single Origin,11.19,14
2024-02-09,SO-007,Single Origin item 7,Single Origin,11.19,14
2024-02-12,SO-007,Single Origin item 7,Single Origin,7.99,37
2024-02-14,SO-007,Single Origin item 7,Single Origin,7.99,36
2024-02-19,SO-007,Single Origin item 7,Single Origin,11.19,37
2024-02-21,SO-007,Single Origin item 7,Single Origin,11.19,36
2024-02-26,SO-007,Single Origin item 7,Single Origin,11.19,73
2024-03-04,SO-007,Single Origin item 7,Single Origin,11.19,39
2024-03-06,SO-007,Single Origin item 7,Single Origin,11.19,39
2024-03-11,SO-007,Single Origin item 7,Single Origin,11.19,68
2024-03-18,SO-007,Single Origin item 7,Single Origin,11.19,62
2024-03-25,SO-007,Single Origin item 7,Single Origin,11.19,41
2024-03-27,SO-007,Single Origin item 7,Single Origin,11.19,40
2024-04-01,SO-007,Single Origin item 7,Single Origin,11.19,35
2024-04-03,SO-007,Single Origin item 7,Single Origin,11.19,35
2024-04-08,SO-007,Single Origin item 7,Single Origin,11.19,56
2024-04-15,SO-007,Single Origin item 7,Single Origin,11.19,75
2024-04-22,SO-007,Single Origin item 7,Single Origin,11.19,19
2024-04-24,SO-007,Single Origin item 7,Single Origin,11.19,19
2024-04-26,SO-007,Single Origin item 7,Single Origin,11.19,18
2024-04-29,SO-007,Single Origin item 7,Single Origin,11.19,19
2024-05-01,SO-007,Single Origin item 7,Single Origin,11.19,18
2024-05-03,SO-007,Single Origin item 7,Single Origin,11.19,18
2024-05-06,SO-007,Single Origin item 7,Single Origin,11.19,68
2024-05-13,SO-007,Single Origin item 7,Single Origin,11.19,69
2024-05-20,SO-007,Single Origin item 7,Single Origin,11.19,23
2024-05-22,SO-007,Single Origin item 7,Single Origin,11.19,22
2024-05-24,SO-007,Single Origin item 7,Single Origin,11.19,22
2024-05-27,SO-007,Single Origin item 7,Single Origin,11.19,29
2024-05-29,SO-007,Single Origin item 7,Single Origin,11.19,29
2024-06-03,SO-007,Single Origin item 7,Single Origin,11.19,61
2024-06-10,SO-007,Single Origin item 7,Single Origin,11.19,23
2024-06-12,SO-007,Single Origin item 7,Single Origin,11.19,22
2024-06-14,SO-007,Single Origin item 7,Single Origin,11.19,22
2024-06-17,SO-007,Single Origin item 7,Single Origin,11.19,53
2024-06-24,SO-007,Single Origin item 7,Single Origin,11.19,20
2024-06-26,SO-007,Single Origin item 7,Single Origin,11.19,20
2024-06-28,SO-007,Single Origin item 7,Single Origin,11.19,19
2024-07-01,SO-007,Single Origin item 7,Single Origin,11.19,48
2024-07-08,SO-007,Single Origin item 7,Single Origin,11.19,28
2024-07-10,SO-007,Single Origin item 7,Single Origin,11.19,27
2024-07-12,SO-007,Single Origin item 7,Single Origin,11.19,27
2024-07-15,SO-007,Single Origin item 7,Single Origin,11.19,23
2024-07-17,SO-007,Single Origin item 7,Single Origin,11.19,23
2024-07-19,SO-007,Single Origin item 7,Single Origin,11.19,22
2024-07-22,SO-007,Single Origin item 7,Single Origin,11.19,15
2024-07-24,SO-007,Single Origin item 7,Single Origin,11.19,15
2024-07-26,SO-007,Single Origin item 7,Single Origin,11.19,14
2024-07-29,SO-007,Single Origin item 7,Single Origin,9.70,24
2024-07-31,SO-007,Single Origin item 7,Single Origin,9.70,24
2024-08-02,SO-007,Single Origin item 7,Single Origin,9.70,23
2024-08-05,SO-007,Single Origin item 7,Single Origin,11.19,53
2024-08-12,SO-007,Single Origin item 7,Single Origin,11.19,18
2024-08-14,SO-007,Single Origin item 7,Single Origin,11.19,17
2024-08-16,SO-007,Single Origin item 7,Single Origin,11.19,17
2024-08-19,SO-007,Single Origin item 7,Single Origin,11.19,33
2024-08-21,SO-007,Single Origin item 7,Single Origin,11.19,33
2024-08-26,SO-007,Single Origin item 7,Single Origin,11.19,24
2024-08-28,SO-007,Single Origin item 7,Single Origin,11.19,24
2024-09-02,SO-007,Single Origin item 7,Single Origin,11.19,42
2024-09-09,SO-007,Single Origin item 7,Single Origin,11.19,38
2024-09-11,SO-007,Single Origin item 7,Single Origin,11.19,38
2024-09-16,SO-007,Single Origin item 7,Single Origin,11.19,34
2024-09-18,SO-007,Single Origin item 7,Single Origin,11.19,33
2024-09-23,SO-007,Single Origin item 7,Single Origin,7.54,39
2024-09-25,SO-007,Single Origin item 7,Single Origin,7.54,38
2024-09-30,SO-007,Single Origin item 7,Single Origin,8.74,74
2024-10-07,SO-007,Single Origin item 7,Single Origin,10.13,84
2024-10-14,SO-007,Single Origin item 7,Single Origin,10.13,90
2024-10-21,SO-007,Single Origin item 7,Single Origin,10.43,18
2024-10-23,SO-007,Single Origin item 7,Single Origin,10.43,18
2024-10-25,SO-007,Single Origin item 7,Single Origin,10.43,17
2024-10-28,SO-007,Single Origin item 7,Single Origin,7.67,20
2024-10-30,SO-007,Single Origin item 7,Single Origin,7.67,20
2024-11-01,SO-007,Single Origin item 7,Single Origin,7.67,20
2024-11-04,SO-007,Single Origin item 7,Single Origin,10.43,26
2024-11-06,SO-007,Single Origin item 7,Single Origin,10.43,26
2024-11-11,SO-007,Single Origin item 7,Single Origin,10.43,19
2024-11-13,SO-007,Single Origin item 7,Single Origin,10.43,19
2024-11-15,SO-007,Single Origin item 7,Single Origin,10.43,18
2024-11-18,SO-007,Single Origin item 7,Single Origin,10.43,19
2024-11-20,SO-007,Single Origin item 7,Single Origin,10.43,18
2024-11-22,SO-007,Single Origin item 7,Single Origin,10.43,18
2024-11-25,SO-007,Single Origin item 7,Single Origin,10.43,20
2024-11-27,SO-007,Single Origin item 7,Single Origin,10.43,19
2024-11-29,SO-007,Single Origin item 7,Single Origin,10.43,19
2024-12-02,SO-007,Single Origin item 7,Single Origin,10.43,58
2024-12-09,SO-007,Single Origin item 7,Single Origin,10.43,66
2024-12-16,SO-007,Single Origin item 7,Single Origin,7.76,34
2024-12-18,SO-007,Single Origin item 7,Single Origin,7.76,33
2024-12-23,SO-007,Single Origin item 7,Single Origin,10.43,83
2024-01-01,SO-008,Single Origin item 8,Single Origin,6.97,7
2024-01-03,SO-008,Single Origin item 8,Single Origin,6.97,7
2024-01-05,SO-008,Single Origin item 8,Single Origin,6.97,7
2024-01-08,SO-008,Single Origin item 8,Single Origin,6.97,10
2024-01-10,SO-008,Single Origin item 8,Single Origin,6.97,9
2024-01-12,SO-008,Single Origin item 8,Single Origin,6.97,9
2024-01-15,SO-008,Single Origin item 8,Single Origin,6.97,25
2024-01-22,SO-008,Single Origin item 8,Single Origin,6.97,8
2024-01-24,SO-008,Single Origin item 8,Single Origin,6.97,7
2024-01-26,SO-008,Single Origin item 8,Single Origin,6.97,7
2024-01-29,SO-008,Single Origin item 8,Single Origin,6.97,18
2024-02-05,SO-008,Single Origin item 8,Single Origin,6.97,12
2024-02-07,SO-008,Single Origin item 8,Single Origin,6.97,11
2024-02-09,SO-008,Single Origin item 8,Single Origin,6.97,11
2024-02-12,SO-008,Single Origin item 8,Single Origin,6.97,10
2024-02-14,SO-008,Single Origin item 8,Single Origin,6.97,10
2024-02-19,SO-008,Single Origin item 8,Single Origin,6.97,13
2024-02-21,SO-008,Single Origin item 8,Single Origin,6.97,13
2024-02-26,SO-008,Single Origin item 8,Single Origin,6.97,9
2024-02-28,SO-008,Single Origin item 8,Single Origin,6.97,9
2024-03-01,SO-008,Single Origin item 8,Single Origin,6.97,9
2024-03-04,SO-008,Single Origin item 8,Single Origin,6.97,13
2024-03-06,SO-008,Single Origin item 8,Single Origin,6.97,12
2024-03-11,SO-008,Single Origin item 8,Single Origin,6.97,30
2024-03-18,SO-008,Single Origin item 8,Single Origin,6.97,24
2024-03-25,SO-008,Single Origin item 8,Single Origin,6.97,16
2024-03-27,SO-008,Single Origin item 8,Single Origin,6.97,16
2024-04-01,SO-008,Single Origin item 8,Single Origin,6.97,34
2024-04-08,SO-008,Single Origin item 8,Single Origin,6.53,11
2024-04-10,SO-008,Single Origin item 8,Single Origin,6.53,11
2024-04-12,SO-008,Single Origin item 8,Single Origin,6.53,10
2024-04-15,SO-008,Single Origin item 8,Single Origin,6.53,12
2024-04-17,SO-008,Single Origin item 8,Single Origin,6.53,12
2024-04-22,SO-008,Single Origin item 8,Single Origin,6.53,9
2024-04-24,SO-008,Single Origin item 8,Single Origin,6.53,8
2024-04-29,SO-008,Single Origin item 8,Single Origin,6.53,13
2024-05-01,SO-008,Single Origin item 8,Single Origin,6.53,12
2024-05-06,SO-008,Single Origin item 8,Single Origin,6.53,28
2024-05-13,SO-008,Single Origin item 8,Single Origin,6.53,9
2024-05-15,SO-008,Single Origin item 8,Single Origin,6.53,9
2024-05-17,SO-008,Single Origin item 8,Single Origin,6.53,8
2024-05-20,SO-008,Single Origin item 8,Single Origin,4.63,11
2024-05-22,SO-008,Single Origin item 8,Single Origin,4.63,11
2024-05-27,SO-008,Single Origin item 8,Single Origin,6.53,12
2024-05-29,SO-008,Single Origin item 8,Single Origin,6.53,12
2024-06-03,SO-008,Single Origin item 8,Single Origin,6.53,24
2024-06-10,SO-008,Single Origin item 8,Single Origin,6.53,22
2024-06-17,SO-008,Single Origin item 8,Single Origin,6.53,32
2024-06-24,SO-008,Single Origin item 8,Single Origin,5.46,13
2024-06-26,SO-008,Single Origin item 8,Single Origin,5.46,12
2024-07-01,SO-008,Single Origin item 8,Single Origin,6.53,22
2024-07-08,SO-008,Single Origin item 8,Single Origin,6.53,22
2024-07-15,SO-008,Single Origin item 8,Single Origin,4.81,10
2024-07-17,SO-008,Single Origin item 8,Single Origin,4.81,10
2024-07-19,SO-008,Single Origin item 8,Single Origin,4.81,10
2024-07-22,SO-008,Single Origin item 8,Single Origin,6.53,15
2024-07-29,SO-008,Single Origin item 8,Single Origin,6.53,5
2024-07-31,SO-008,Single Origin item 8,Single Origin,6.53,5
2024-08-02,SO-008,Single Origin item 8,Single Origin,6.53,4
2024-08-05,SO-008,Single Origin item 8,Single Origin,6.53,8
2024-08-07,SO-008,Single Origin item 8,Single Origin,6.53,8
2024-08-12,SO-008,Single Origin item 8,Single Origin,6.53,17
2024-08-14,SO-008,Single Origin item 8,Single Origin,6.53,17
2024-08-19,SO-008,Single Origin item 8,Single Origin,6.53,8
2024-08-21,SO-008,Single Origin item 8,Single Origin,6.53,8
2024-08-23,SO-008,Single Origin item 8,Single Origin,6.53,8
2024-08-26,SO-008,Single Origin item 8,Single Origin,5.58,7
2024-08-28,SO-008,Single Origin item 8,Single Origin,5.58,7
2024-08-30,SO-008,Single Origin item 8,Single Origin,5.58,7
2024-09-02,SO-008,Single Origin item 8,Single Origin,6.53,8
2024-09-04,SO-008,Single Origin item 8,Single Origin,6.53,8
2024-09-06,SO-008,Single Origin item 8,Single Origin,6.53,8
2024-09-09,SO-008,Single Origin item 8,Single Origin,6.53,32
2024-09-16,SO-008,Single Origin item 8,Single Origin,6.53,33
2024-09-23,SO-008,Single Origin item 8,Single Origin,6.53,22
2024-09-30,SO-008,Single Origin item 8,Single Origin,6.53,13
2024-10-02,SO-008,Single Origin item 8,Single Origin,6.53,13
2024-10-07,SO-008,Single Origin item 8,Single Origin,6.53,6
2024-10-09,SO-008,Single Origin item 8,Single Origin,6.53,6
2024-10-11,SO-008,Single Origin item 8,Single Origin,6.53,6
2024-10-14,SO-008,Single Origin item 8,Single Origin,6.53,10
2024-10-16,SO-008,Single Origin item 8,Single Origin,6.53,10
2024-10-21,SO-008,Single Origin item 8,Single Origin,6.53,10
2024-10-23,SO-008,Single Origin item 8,Single Origin,6.53,9
2024-10-28,SO-008,Single Origin item 8,Single Origin,6.53,8
2024-10-30,SO-008,Single Origin item 8,Single Origin,6.53,8
2024-11-04,SO-008,Single Origin item 8,Single Origin,6.53,28
2024-11-11,SO-008,Single Origin item 8,Single Origin,6.53,9
2024-11-13,SO-008,Single Origin item 8,Single Origin,6.53,9
2024-11-15,SO-008,Single Origin item 8,Single Origin,6.53,8
2024-11-18,SO-008,Single Origin item 8,Single Origin,6.53,10
2024-11-20,SO-008,Single Origin item 8,Single Origin,6.53,10
2024-11-25,SO-008,Single Origin item 8,Single Origin,6.53,12
2024-11-27,SO-008,Single Origin item 8,Single Origin,6.53,12
2024-12-02,SO-008,Single Origin item 8,Single Origin,6.53,9
2024-12-04,SO-008,Single Origin item 8,Single Origin,6.53,8
2024-12-06,SO-008,Single Origin item 8,Single Origin,6.53,8
2024-12-09,SO-008,Single Origin item 8,Single Origin,6.53,18
2024-12-11,SO-008,Single Origin item 8,Single Origin,6.53,17
2024-12-16,SO-008,Single Origin item 8,Single Origin,6.53,6
2024-12-18,SO-008,Single Origin item 8,Single Origin,6.53,6
2024-12-20,SO-008,Single Origin item 8,Single Origin,6.53,5
2024-12-23,SO-008,Single Origin item 8,Single Origin,6.53,15
2024-01-01,SO-009,Single Origin item 9,Single Origin,4.22,18
2024-01-03,SO-009,Single Origin item 9,Single Origin,4.22,17
2024-01-08,SO-009,Single Origin item 9,Single Origin,4.22,22
2024-01-10,SO-009,Single Origin item 9,Single Origin,4.22,21
2024-01-15,SO-009,Single Origin item 9,Single Origin,4.22,10
2024-01-17,SO-009,Single Origin item 9,Single Origin,4.22,10
2024-01-19,SO-009,Single Origin item 9,Single Origin,4.22,9
2024-01-22,SO-009,Single Origin item 9,Single Origin,4.22,58
2024-01-29,SO-009,Single Origin item 9,Single Origin,4.32,42
2024-02-05,SO-009,Single Origin item 9,Single Origin,4.88,13
2024-02-07,SO-009,Single Origin item 9,Single Origin,4.88,13
2024-02-12,SO-009,Single Origin item 9,Single Origin,4.88,24
2024-02-14,SO-009,Single Origin item 9,Single Origin,4.88,23
2024-02-19,SO-009,Single Origin item 9,Single Origin,4.88,13
2024-02-21,SO-009,Single Origin item 9,Single Origin,4.88,13
2024-02-23,SO-009,Single Origin item 9,Single Origin,4.88,12
2024-02-26,SO-009,Single Origin item 9,Single Origin,4.88,13
2024-02-28,SO-009,Single Origin item 9,Single Origin,4.88,13
2024-03-01,SO-009,Single Origin item 9,Single Origin,4.88,13
2024-03-04,SO-009,Single Origin item 9,Single Origin,4.88,19
2024-03-06,SO-009,Single Origin item 9,Single Origin,4.88,18
2024-03-11,SO-009,Single Origin item 9,Single Origin,4.39,25
2024-03-13,SO-009,Single Origin item 9,Single Origin,4.39,24
2024-03-18,SO-009,Single Origin item 9,Single Origin,4.88,12
2024-03-20,SO-009,Single Origin item 9,Single Origin,4.88,12
2024-03-22,SO-009,Single Origin item 9,Single Origin,4.88,11
2024-03-25,SO-009,Single Origin item 9,Single Origin,4.88,18
2024-03-27,SO-009,Single Origin item 9,Single Origin,4.88,17
2024-04-01,SO-009,Single Origin item 9,Single Origin,4.88,16
2024-04-03,SO-009,Single Origin item 9,Single Origin,4.88,16
2024-04-05,SO-009,Single Origin item 9,Single Origin,4.88,16
2024-04-08,SO-009,Single Origin item 9,Single Origin,4.11,14
2024-04-10,SO-009,Single Origin item 9,Single Origin,4.11,14
2024-04-12,SO-009,Single Origin item 9,Single Origin,4.11,13
2024-04-15,SO-009,Single Origin item 9,Single Origin,4.88,13
2024-04-17,SO-009,Single Origin item 9,Single Origin,4.88,12
2024-04-22,SO-009,Single Origin item 9,Single Origin,4.22,39
2024-04-29,SO-009,Single Origin item 9,Single Origin,4.88,29
2024-05-06,SO-009,Single Origin item 9,Single Origin,4.88,12
2024-05-08,SO-009,Single Origin item 9,Single Origin,4.88,11
2024-05-10,SO-009,Single Origin item 9,Single Origin,4.88,11
2024-05-13,SO-009,Single Origin item 9,Single Origin,4.88,50
2024-05-20,SO-009,Single Origin item 9,Single Origin,4.88,14
2024-05-22,SO-009,Single Origin item 9,Single Origin,4.88,13
2024-05-27,SO-009,Single Origin item 9,Single Origin,4.88,14
2024-05-29,SO-009,Single Origin item 9,Single Origin,4.88,14
2024-05-31,SO-009,Single Origin item 9,Single Origin,4.88,13
2024-06-03,SO-009,Single Origin item 9,Single Origin,4.88,27
2024-06-05,SO-009,Single Origin item 9,Single Origin,4.88,27
2024-06-10,SO-009,Single Origin item 9,Single Origin,4.88,31
2024-06-17,SO-009,Single Origin item 9,Single Origin,4.88,33
2024-06-24,SO-009,Single Origin item 9,Single Origin,4.19,17
2024-06-26,SO-009,Single Origin item 9,Single Origin,4.19,17
2024-06-28,SO-009,Single Origin item 9,Single Origin,4.19,17
2024-07-01,SO-009,Single Origin item 9,Single Origin,4.88,38
2024-07-08,SO-009,Single Origin item 9,Single Origin,4.88,27
2024-07-10,SO-009,Single Origin item 9,Single Origin,4.88,26
2024-07-15,SO-009,Single Origin item 9,Single Origin,4.88,22
2024-07-17,SO-009,Single Origin item 9,Single Origin,4.88,22
2024-07-22,SO-009,Single Origin item 9,Single Origin,4.88,30
2024-07-29,SO-009,Single Origin item 9,Single Origin,4.88,11
2024-07-31,SO-009,Single Origin item 9,Single Origin,4.88,11
2024-08-02,SO-009,Single Origin item 9,Single Origin,4.88,10
2024-08-05,SO-009,Single Origin item 9,Single Origin,4.88,13
2024-08-07,SO-009,Single Origin item 9,Single Origin,4.88,12
2024-08-12,SO-009,Single Origin item 9,Single Origin,4.88,14
2024-08-14,SO-009,Single Origin item 9,Single Origin,4.88,14
2024-08-16,SO-009,Single Origin item 9,Single Origin,4.88,14
2024-08-19,SO-009,Single Origin item 9,Single Origin,4.88,12
2024-08-21,SO-009,Single Origin item 9,Single Origin,4.88,12
2024-08-23,SO-009,Single Origin item 9,Single Origin,4.88,12
2024-08-26,SO-009,Single Origin item 9,Single Origin,4.88,12
2024-08-28,SO-009,Single Origin item 9,Single Origin,4.88,11
2024-08-30,SO-009,Single Origin item 9,Single Origin,4.88,11
2024-09-02,SO-009,Single Origin item 9,Single Origin,3.78,34
2024-09-09,SO-009,Single Origin item 9,Single Origin,4.88,27
2024-09-16,SO-009,Single Origin item 9,Single Origin,4.88,17
2024-09-18,SO-009,Single Origin item 9,Single Origin,4.88,17
2024-09-20,SO-009,Single Origin item 9,Single Origin,4.88,16
2024-09-23,SO-009,Single Origin item 9,Single Origin,4.88,22
2024-09-25,SO-009,Single Origin item 9,Single Origin,4.88,22
2024-09-30,SO-009,Single Origin item 9,Single Origin,4.01,36
2024-10-07,SO-009,Single Origin item 9,Single Origin,4.88,17
2024-10-09,SO-009,Single Origin item 9,Single Origin,4.88,16
2024-10-11,SO-009,Single Origin item 9,Single Origin,4.88,16
2024-10-14,SO-009,Single Origin item 9,Single Origin,4.88,48
2024-10-21,SO-009,Single Origin item 9,Single Origin,4.88,19
2024-10-23,SO-009,Single Origin item 9,Single Origin,4.88,19
2024-10-28,SO-009,Single Origin item 9,Single Origin,4.88,13
2024-10-30,SO-009,Single Origin item 9,Single Origin,4.88,13
2024-11-01,SO-009,Single Origin item 9,Single Origin,4.88,13
2024-11-04,SO-009,Single Origin item 9,Single Origin,4.88,25
2024-11-06,SO-009,Single Origin item 9,Single Origin,4.88,24
2024-11-11,SO-009,Single Origin item 9,Single Origin,4.88,12
2024-11-13,SO-009,Single Origin item 9,Single Origin,4.88,12
2024-11-15,SO-009,Single Origin item 9,Single Origin,4.88,11
2024-11-18,SO-009,Single Origin item 9,Single Origin,4.88,12
2024-11-20,SO-009,Single Origin item 9,Single Origin,4.88,11
2024-11-22,SO-009,Single Origin item 9,Single Origin,4.88,11
2024-11-25,SO-009,Single Origin item 9,Single Origin,4.88,19
2024-11-27,SO-009,Single Origin item 9,Single Origin,4.88,19
2024-12-02,SO-009,Single Origin item 9,Single Origin,4.88,13
2024-12-04,SO-009,Single Origin item 9,Single Origin,4.88,13
2024-12-06,SO-009,Single Origin item 9,Single Origin,4.88,12
2024-12-09,SO-009,Single Origin item 9,Single Origin,4.88,16
2024-12-11,SO-009,Single Origin item 9,Single Origin,4.88,15
2024-12-13,SO-009,Single Origin item 9,Single Origin,4.88,15
2024-12-16,SO-009,Single Origin item 9,Single Origin,4.88,18
2024-12-18,SO-009,Single Origin item 9,Single Origin,4.88,17
2024-12-23,SO-009,Single Origin item 9,Single Origin,4.88,17
2024-12-25,SO-009,Single Origin item 9,Single Origin,4.88,17
2024-01-01,SO-010,Single Origin item 10,Single Origin,12.26,4
2024-01-03,SO-010,Single Origin item 10,Single Origin,12.26,4
2024-01-08,SO-010,Single Origin item 10,Single Origin,12.26,3
2024-01-10,SO-010,Single Origin item 10,Single Origin,12.26,2
2024-01-15,SO-010,Single Origin item 10,Single Origin,12.26,3
2024-01-17,SO-010,Single Origin item 10,Single Origin,12.26,3
2024-01-19,SO-010,Single Origin item 10,Single Origin,12.26,2
2024-01-22,SO-010,Single Origin item 10,Single Origin,12.26,6
2024-01-24,SO-010,Single Origin item 10,Single Origin,12.26,5
2024-01-29,SO-010,Single Origin item 10,Single Origin,12.26,5
2024-01-31,SO-010,Single Origin item 10,Single Origin,12.26,5
2024-02-05,SO-010,Single Origin item 10,Single Origin,12.26,18
2024-02-12,SO-010,Single Origin item 10,Single Origin,8.98,10
2024-02-19,SO-010,Single Origin item 10,Single Origin,8.97,3
2024-02-21,SO-010,Single Origin item 10,Single Origin,8.97,2
2024-02-23,SO-010,Single Origin item 10,Single Origin,8.97,2
2024-02-26,SO-010,Single Origin item 10,Single Origin,12.26,8
2024-03-04,SO-010,Single Origin item 10,Single Origin,12.26,5
2024-03-06,SO-010,Single Origin item 10,Single Origin,12.26,4
2024-03-11,SO-010,Single Origin item 10,Single Origin,12.26,5
2024-03-13,SO-010,Single Origin item 10,Single Origin,12.26,4
2024-03-18,SO-010,Single Origin item 10,Single Origin,12.26,7
2024-03-25,SO-010,Single Origin item 10,Single Origin,12.26,4
2024-03-27,SO-010,Single Origin item 10,Single Origin,12.26,4
2024-03-29,SO-010,Single Origin item 10,Single Origin,12.26,4
2024-04-01,SO-010,Single Origin item 10,Single Origin,9.37,3
2024-04-03,SO-010,Single Origin item 10,Single Origin,9.37,2
2024-04-08,SO-010,Single Origin item 10,Single Origin,9.42,14
2024-04-15,SO-010,Single Origin item 10,Single Origin,9.42,6
2024-04-17,SO-010,Single Origin item 10,Single Origin,9.42,6
2024-04-19,SO-010,Single Origin item 10,Single Origin,9.42,5
2024-04-22,SO-010,Single Origin item 10,Single Origin,9.42,8
2024-04-24,SO-010,Single Origin item 10,Single Origin,9.42,7
2024-04-29,SO-010,Single Origin item 10,Single Origin,9.42,8
2024-05-01,SO-010,Single Origin item 10,Single Origin,9.42,8
2024-05-06,SO-010,Single Origin item 10,Single Origin,9.42,4
2024-05-08,SO-010,Single Origin item 10,Single Origin,9.42,4
2024-05-10,SO-010,Single Origin item 10,Single Origin,9.42,3
2024-05-13,SO-010,Single Origin item 10,Single Origin,9.42,4
2024-05-15,SO-010,Single Origin item 10,Single Origin,9.42,4
2024-05-17,SO-010,Single Origin item 10,Single Origin,9.42,4
2024-05-20,SO-010,Single Origin item 10,Single Origin,8.96,20
2024-05-27,SO-010,Single Origin item 10,Single Origin,8.96,14
2024-06-03,SO-010,Single Origin item 10,Single Origin,6.46,6
2024-06-05,SO-010,Single Origin item 10,Single Origin,6.46,5
2024-06-07,SO-010,Single Origin item 10,Single Origin,6.46,5
2024-06-10,SO-010,Single Origin item 10,Single Origin,8.96,8
2024-06-17,SO-010,Single Origin item 10,Single Origin,7.82,18
2024-06-24,SO-010,Single Origin item 10,Single Origin,8.96,4
2024-06-26,SO-010,Single Origin item 10,Single Origin,8.96,3
2024-07-01,SO-010,Single Origin item 10,Single Origin,8.96,3
2024-07-03,SO-010,Single Origin item 10,Single Origin,8.96,3
2024-07-05,SO-010,Single Origin item 10,Single Origin,8.96,2
2024-07-08,SO-010,Single Origin item 10,Single Origin,8.96,13
2024-07-15,SO-010,Single Origin item 10,Single Origin,8.96,4
2024-07-17,SO-010,Single Origin item 10,Single Origin,8.96,4
2024-07-19,SO-010,Single Origin item 10,Single Origin,8.96,3
2024-07-22,SO-010,Single Origin item 10,Single Origin,8.96,8
2024-07-24,SO-010,Single Origin item 10,Single Origin,8.96,7
2024-07-29,SO-010,Single Origin item 10,Single Origin,8.96,14
2024-08-05,SO-010,Single Origin item 10,Single Origin,7.87,10
2024-08-07,SO-010,Single Origin item 10,Single Origin,7.87,10
2024-08-12,SO-010,Single Origin item 10,Single Origin,9.16,11
2024-08-19,SO-010,Single Origin item 10,Single Origin,7.43,5
2024-08-21,SO-010,Single Origin item 10,Single Origin,7.43,5
2024-08-26,SO-010,Single Origin item 10,Single Origin,9.16,2
2024-08-28,SO-010,Single Origin item 10,Single Origin,9.16,2
2024-08-30,SO-010,Single Origin item 10,Single Origin,9.16,2
2024-09-02,SO-010,Single Origin item 10,Single Origin,9.16,12
2024-09-09,SO-010,Single Origin item 10,Single Origin,9.16,5
2024-09-11,SO-010,Single Origin item 10,Single Origin,9.16,4
2024-09-13,SO-010,Single Origin item 10,Single Origin,9.16,4
2024-09-16,SO-010,Single Origin item 10,Single Origin,9.16,3
2024-09-18,SO-010,Single Origin item 10,Single Origin,9.16,3
2024-09-20,SO-010,Single Origin item 10,Single Origin,9.16,2
2024-09-23,SO-010,Single Origin item 10,Single Origin,9.16,5
2024-09-25,SO-010,Single Origin item 10,Single Origin,9.16,4
2024-09-30,SO-010,Single Origin item 10,Single Origin,9.16,5
2024-10-02,SO-010,Single Origin item 10,Single Origin,9.16,5
2024-10-04,SO-010,Single Origin item 10,Single Origin,9.16,5
2024-10-07,SO-010,Single Origin item 10,Single Origin,9.16,17
2024-10-14,SO-010,Single Origin item 10,Single Origin,6.85,4
2024-10-16,SO-010,Single Origin item 10,Single Origin,6.85,3
2024-10-21,SO-010,Single Origin item 10,Single Origin,6.79,5
2024-10-23,SO-010,Single Origin item 10,Single Origin,6.79,5
2024-10-25,SO-010,Single Origin item 10,Single Origin,6.79,5
2024-10-28,SO-010,Single Origin item 10,Single Origin,9.16,10
2024-11-04,SO-010,Single Origin item 10,Single Origin,7.54,7
2024-11-06,SO-010,Single Origin item 10,Single Origin,7.54,7
2024-11-11,SO-010,Single Origin item 10,Single Origin,9.16,5
2024-11-13,SO-010,Single Origin item 10,Single Origin,9.16,5
2024-11-18,SO-010,Single Origin item 10,Single Origin,9.16,4
2024-11-20,SO-010,Single Origin item 10,Single Origin,9.16,4
2024-11-22,SO-010,Single Origin item 10,Single Origin,9.16,4
2024-11-25,SO-010,Single Origin item 10,Single Origin,9.16,16
2024-12-02,SO-010,Single Origin item 10,Single Origin,9.16,7
2024-12-04,SO-010,Single Origin item 10,Single Origin,9.16,7
2024-12-09,SO-010,Single Origin item 10,Single Origin,7.87,18
2024-12-16,SO-010,Single Origin item 10,Single Origin,9.88,4
2024-12-18,SO-010,Single Origin item 10,Single Origin,9.88,4
2024-12-20,SO-010,Single Origin item 10,Single Origin,9.88,3
2024-12-23,SO-010,Single Origin item 10,Single Origin,9.88,3
2024-12-25,SO-010,Single Origin item 10,Single Origin,9.88,3
2024-01-01,SO-011,Single Origin item 11,Single Origin,15.40,40
2024-01-08,SO-011,Single Origin item 11,Single Origin,15.40,54
2024-01-15,SO-011,Single Origin item 11,Single Origin,11.52,24
2024-01-17,SO-011,Single Origin item 11,Single Origin,11.52,24
2024-01-22,SO-011,Single Origin item 11,Single Origin,13.76,14
2024-01-24,SO-011,Single Origin item 11,Single Origin,13.76,13
2024-01-26,SO-011,Single Origin item 11,Single Origin,13.76,13
2024-01-29,SO-011,Single Origin item 11,Single Origin,15.40,12
2024-01-31,SO-011,Single Origin item 11,Single Origin,15.40,12
2024-02-02,SO-011,Single Origin item 11,Single Origin,15.40,12
2024-02-05,SO-011,Single Origin item 11,Single Origin,15.40,12
2024-02-07,SO-011,Single Origin item 11,Single Origin,15.40,12
2024-02-09,SO-011,Single Origin item 11,Single Origin,15.40,12
2024-02-12,SO-011,Single Origin item 11,Single Origin,15.40,25
2024-02-14,SO-011,Single Origin item 11,Single Origin,15.40,24
2024-02-19,SO-011,Single Origin item 11,Single Origin,15.40,34
2024-02-26,SO-011,Single Origin item 11,Single Origin,11.80,28
2024-02-28,SO-011,Single Origin item 11,Single Origin,11.80,27
2024-03-01,SO-011,Single Origin item 11,Single Origin,11.80,27
2024-03-04,SO-011,Single Origin item 11,Single Origin,15.40,16
2024-03-06,SO-011,Single Origin item 11,Single Origin,15.40,16
2024-03-11,SO-011,Single Origin item 11,Single Origin,15.40,50
2024-03-18,SO-011,Single Origin item 11,Single Origin,13.80,43
2024-03-25,SO-011,Single Origin item 11,Single Origin,11.80,15
2024-03-27,SO-011,Single Origin item 11,Single Origin,11.80,15
2024-03-29,SO-011,Single Origin item 11,Single Origin,11.80,14
2024-04-01,SO-011,Single Origin item 11,Single Origin,15.40,21
2024-04-03,SO-011,Single Origin item 11,Single Origin,15.40,21
2024-04-08,SO-011,Single Origin item 11,Single Origin,15.40,17
2024-04-10,SO-011,Single Origin item 11,Single Origin,15.40,17
2024-04-12,SO-011,Single Origin item 11,Single Origin,15.40,16
2024-04-15,SO-011,Single Origin item 11,Single Origin,15.40,59
2024-04-22,SO-011,Single Origin item 11,Single Origin,15.40,19
2024-04-24,SO-011,Single Origin item 11,Single Origin,15.40,19
2024-04-29,SO-011,Single Origin item 11,Single Origin,15.40,19
2024-05-01,SO-011,Single Origin item 11,Single Origin,15.40,19
2024-05-06,SO-011,Single Origin item 11,Single Origin,11.88,17
2024-05-08,SO-011,Single Origin item 11,Single Origin,11.88,16
2024-05-13,SO-011,Single Origin item 11,Single Origin,15.40,15
2024-05-15,SO-011,Single Origin item 11,Single Origin,15.40,15
2024-05-17,SO-011,Single Origin item 11,Single Origin,15.40,14
2024-05-20,SO-011,Single Origin item 11,Single Origin,15.40,24
2024-05-22,SO-011,Single Origin item 11,Single Origin,15.40,24
2024-05-27,SO-011,Single Origin item 11,Single Origin,15.40,39
2024-06-03,SO-011,Single Origin item 11,Single Origin,15.40,45
2024-06-10,SO-011,Single Origin item 11,Single Origin,12.67,26
2024-06-12,SO-011,Single Origin item 11,Single Origin,12.67,26
2024-06-17,SO-011,Single Origin item 11,Single Origin,15.40,36
2024-06-24,SO-011,Single Origin item 11,Single Origin,15.40,26
2024-07-01,SO-011,Single Origin item 11,Single Origin,15.40,13
2024-07-03,SO-011,Single Origin item 11,Single Origin,15.40,12
2024-07-05,SO-011,Single Origin item 11,Single Origin,15.40,12
2024-07-08,SO-011,Single Origin item 11,Single Origin,15.40,34
2024-07-15,SO-011,Single Origin item 11,Single Origin,15.40,34
2024-07-22,SO-011,Single Origin item 11,Single Origin,15.40,13
2024-07-24,SO-011,Single Origin item 11,Single Origin,15.40,13
2024-07-26,SO-011,Single Origin item 11,Single Origin,15.40,12
2024-07-29,SO-011,Single Origin item 11,Single Origin,16.35,10
2024-07-31,SO-011,Single Origin item 11,Single Origin,16.35,10
2024-08-02,SO-011,Single Origin item 11,Single Origin,16.35,9
2024-08-05,SO-011,Single Origin item 11,Single Origin,16.35,20
2024-08-07,SO-011,Single Origin item 11,Single Origin,16.35,20
2024-08-12,SO-011,Single Origin item 11,Single Origin,16.35,20
2024-08-14,SO-011,Single Origin item 11,Single Origin,16.35,20
2024-08-19,SO-011,Single Origin item 11,Single Origin,16.35,40
2024-08-26,SO-011,Single Origin item 11,Single Origin,16.35,30
2024-09-02,SO-011,Single Origin item 11,Single Origin,12.22,20
2024-09-04,SO-011,Single Origin item 11,Single Origin,12.22,20
2024-09-09,SO-011,Single Origin item 11,Single Origin,16.35,29
2024-09-16,SO-011,Single Origin item 11,Single Origin,16.35,12
2024-09-18,SO-011,Single Origin item 11,Single Origin,16.35,12
2024-09-20,SO-011,Single Origin item 11,Single Origin,16.35,12
2024-09-23,SO-011,Single Origin item 11,Single Origin,16.35,51
2024-09-30,SO-011,Single Origin item 11,Single Origin,14.00,44
2024-10-07,SO-011,Single Origin item 11,Single Origin,16.35,20
2024-10-09,SO-011,Single Origin item 11,Single Origin,16.35,19
2024-10-14,SO-011,Single Origin item 11,Single Origin,16.35,35
2024-10-21,SO-011,Single Origin item 11,Single Origin,16.35,39
2024-10-28,SO-011,Single Origin item 11,Single Origin,12.88,22
2024-10-30,SO-011,Single Origin item 11,Single Origin,12.88,22
2024-11-04,SO-011,Single Origin item 11,Single Origin,14.56,53
2024-11-11,SO-011,Single Origin item 11,Single Origin,16.35,45
2024-11-18,SO-011,Single Origin item 11,Single Origin,16.35,46
2024-11-25,SO-011,Single Origin item 11,Single Origin,16.35,14
2024-11-27,SO-011,Single Origin item 11,Single Origin,16.35,13
2024-11-29,SO-011,Single Origin item 11,Single Origin,16.35,13
2024-12-02,SO-011,Single Origin item 11,Single Origin,16.35,14
2024-12-04,SO-011,Single Origin item 11,Single Origin,16.35,14
2024-12-09,SO-011,Single Origin item 11,Single Origin,16.35,40
2024-12-16,SO-011,Single Origin item 11,Single Origin,12.00,38
2024-12-23,SO-011,Single Origin item 11,Single Origin,16.35,18
2024-12-25,SO-011,Single Origin item 11,Single Origin,16.35,17
2024-01-01,SO-012,Single Origin item 12,Single Origin,27.20,85
2024-01-08,SO-012,Single Origin item 12,Single Origin,27.20,24
2024-01-10,SO-012,Single Origin item 12,Single Origin,27.20,23
2024-01-12,SO-012,Single Origin item 12,Single Origin,27.20,23
2024-01-15,SO-012,Single Origin item 12,Single Origin,27.20,36
2024-01-17,SO-012,Single Origin item 12,Single Origin,27.20,36
2024-01-22,SO-012,Single Origin item 12,Single Origin,27.20,21
2024-01-24,SO-012,Single Origin item 12,Single Origin,27.20,21
2024-01-26,SO-012,Single Origin item 12,Single Origin,27.20,20
2024-01-29,SO-012,Single Origin item 12,Single Origin,27.20,29
2024-01-31,SO-012,Single Origin item 12,Single Origin,27.20,29
2024-02-05,SO-012,Single Origin item 12,Single Origin,22.02,21
2024-02-07,SO-012,Single Origin item 12,Single Origin,22.02,21
2024-02-09,SO-012,Single Origin item 12,Single Origin,22.02,21
2024-02-12,SO-012,Single Origin item 12,Single Origin,27.20,41
2024-02-14,SO-012,Single Origin item 12,Single Origin,27.20,41
2024-02-19,SO-012,Single Origin item 12,Single Origin,27.20,33
2024-02-21,SO-012,Single Origin item 12,Single Origin,27.20,33
2024-02-26,SO-012,Single Origin item 12,Single Origin,27.89,75
2024-03-04,SO-012,Single Origin item 12,Single Origin,27.89,28
2024-03-06,SO-012,Single Origin item 12,Single Origin,27.89,27
2024-03-11,SO-012,Single Origin item 12,Single Origin,27.89,35
2024-03-13,SO-012,Single Origin item 12,Single Origin,27.89,34
2024-03-18,SO-012,Single Origin item 12,Single Origin,29.41,70
2024-03-25,SO-012,Single Origin item 12,Single Origin,29.41,73
2024-04-01,SO-012,Single Origin item 12,Single Origin,29.41,66
2024-04-08,SO-012,Single Origin item 12,Single Origin,29.41,26
2024-04-10,SO-012,Single Origin item 12,Single Origin,29.41,26
2024-04-12,SO-012,Single Origin item 12,Single Origin,29.41,26
2024-04-15,SO-012,Single Origin item 12,Single Origin,29.41,29
2024-04-17,SO-012,Single Origin item 12,Single Origin,29.41,29
2024-04-19,SO-012,Single Origin item 12,Single Origin,29.41,28
2024-04-22,SO-012,Single Origin item 12,Single Origin,20.68,78
2024-04-29,SO-012,Single Origin item 12,Single Origin,29.41,26
2024-05-01,SO-012,Single Origin item 12,Single Origin,29.41,25
2024-05-06,SO-012,Single Origin item 12,Single Origin,29.41,43
2024-05-08,SO-012,Single Origin item 12,Single Origin,29.41,43
2024-05-13,SO-012,Single Origin item 12,Single Origin,29.41,48
2024-05-20,SO-012,Single Origin item 12,Single Origin,29.41,53
2024-05-27,SO-012,Single Origin item 12,Single Origin,29.41,47
2024-06-03,SO-012,Single Origin item 12,Single Origin,31.72,22
2024-06-05,SO-012,Single Origin item 12,Single Origin,31.72,21
2024-06-10,SO-012,Single Origin item 12,Single Origin,31.72,34
2024-06-12,SO-012,Single Origin item 12,Single Origin,31.72,34
2024-06-17,SO-012,Single Origin item 12,Single Origin,24.09,51
2024-06-19,SO-012,Single Origin item 12,Single Origin,24.09,51
2024-06-24,SO-012,Single Origin item 12,Single Origin,31.72,70
2024-07-01,SO-012,Single Origin item 12,Single Origin,23.84,73
2024-07-08,SO-012,Single Origin item 12,Single Origin,31.72,49
2024-07-15,SO-012,Single Origin item 12,Single Origin,23.31,19
2024-07-17,SO-012,Single Origin item 12,Single Origin,23.31,19
2024-07-19,SO-012,Single Origin item 12,Single Origin,23.31,18
2024-07-22,SO-012,Single Origin item 12,Single Origin,24.61,26
2024-07-24,SO-012,Single Origin item 12,Single Origin,24.61,25
2024-07-26,SO-012,Single Origin item 12,Single Origin,24.61,25
2024-07-29,SO-012,Single Origin item 12,Single Origin,31.72,41
2024-07-31,SO-012,Single Origin item 12,Single Origin,31.72,40
2024-08-05,SO-012,Single Origin item 12,Single Origin,29.06,62
2024-08-12,SO-012,Single Origin item 12,Single Origin,29.06,50
2024-08-19,SO-012,Single Origin item 12,Single Origin,29.06,33
2024-08-21,SO-012,Single Origin item 12,Single Origin,29.06,32
2024-08-26,SO-012,Single Origin item 12,Single Origin,29.06,22
2024-08-28,SO-012,Single Origin item 12,Single Origin,29.06,22
2024-08-30,SO-012,Single Origin item 12,Single Origin,29.06,21
2024-09-02,SO-012,Single Origin item 12,Single Origin,29.06,66
2024-09-09,SO-012,Single Origin item 12,Single Origin,29.06,15
2024-09-11,SO-012,Single Origin item 12,Single Origin,29.06,15
2024-09-13,SO-012,Single Origin item 12,Single Origin,29.06,14
2024-09-16,SO-012,Single Origin item 12,Single Origin,29.06,26
2024-09-18,SO-012,Single Origin item 12,Single Origin,29.06,25
2024-09-23,SO-012,Single Origin item 12,Single Origin,29.06,36
2024-09-25,SO-012,Single Origin item 12,Single Origin,29.06,36
2024-09-30,SO-012,Single Origin item 12,Single Origin,29.06,28
2024-10-02,SO-012,Single Origin item 12,Single Origin,29.06,28
2024-10-07,SO-012,Single Origin item 12,Single Origin,29.06,37
2024-10-09,SO-012,Single Origin item 12,Single Origin,29.06,36
2024-10-14,SO-012,Single Origin item 12,Single Origin,29.06,18
2024-10-16,SO-012,Single Origin item 12,Single Origin,29.06,18
2024-10-18,SO-012,Single Origin item 12,Single Origin,29.06,17
2024-10-21,SO-012,Single Origin item 12,Single Origin,26.61,27
2024-10-23,SO-012,Single Origin item 12,Single Origin,26.61,27
2024-10-25,SO-012,Single Origin item 12,Single Origin,26.61,26
2024-10-28,SO-012,Single Origin item 12,Single Origin,32.35,15
2024-10-30,SO-012,Single Origin item 12,Single Origin,32.35,14
2024-11-01,SO-012,Single Origin item 12,Single Origin,32.35,14
2024-11-04,SO-012,Single Origin item 12,Single Origin,25.67,34
2024-11-06,SO-012,Single Origin item 12,Single Origin,25.67,33
2024-11-11,SO-012,Single Origin item 12,Single Origin,32.35,57
2024-11-18,SO-012,Single Origin item 12,Single Origin,32.35,22
2024-11-20,SO-012,Single Origin item 12,Single Origin,32.35,22
2024-11-22,SO-012,Single Origin item 12,Single Origin,32.35,21
2024-11-25,SO-012,Single Origin item 12,Single Origin,24.20,22
2024-11-27,SO-012,Single Origin item 12,Single Origin,24.20,22
2024-11-29,SO-012,Single Origin item 12,Single Origin,24.20,21
2024-12-02,SO-012,Single Origin item 12,Single Origin,32.35,27
2024-12-04,SO-012,Single Origin item 12,Single Origin,32.35,26
2024-12-09,SO-012,Single Origin item 12,Single Origin,32.35,42
2024-12-16,SO-012,Single Origin item 12,Single Origin,32.35,59
2024-12-23,SO-012,Single Origin item 12,Single Origin,32.35,55
2024-01-01,SO-013,Single Origin item 13,Single Origin,20.20,14
2024-01-03,SO-013,Single Origin item 13,Single Origin,20.20,14
2024-01-08,SO-013,Single Origin item 13,Single Origin,20.20,42
2024-01-15,SO-013,Single Origin item 13,Single Origin,20.20,32
2024-01-22,SO-013,Single Origin item 13,Single Origin,17.04,28
2024-01-29,SO-013,Single Origin item 13,Single Origin,20.20,15
2024-01-31,SO-013,Single Origin item 13,Single Origin,20.20,14
2024-02-05,SO-013,Single Origin item 13,Single Origin,20.20,17
2024-02-07,SO-013,Single Origin item 13,Single Origin,20.20,16
2024-02-12,SO-013,Single Origin item 13,Single Origin,20.20,10
2024-02-14,SO-013,Single Origin item 13,Single Origin,20.20,10
2024-02-16,SO-013,Single Origin item 13,Single Origin,20.20,10
2024-02-19,SO-013,Single Origin item 13,Single Origin,20.20,34
2024-02-26,SO-013,Single Origin item 13,Single Origin,15.67,35
2024-03-04,SO-013,Single Origin item 13,Single Origin,20.20,30
2024-03-11,SO-013,Single Origin item 13,Single Origin,20.20,14
2024-03-13,SO-013,Single Origin item 13,Single Origin,20.20,13
2024-03-15,SO-013,Single Origin item 13,Single Origin,20.20,13
2024-03-18,SO-013,Single Origin item 13,Single Origin,20.20,35
2024-03-25,SO-013,Single Origin item 13,Single Origin,20.20,39
2024-04-01,SO-013,Single Origin item 13,Single Origin,20.20,12
2024-04-03,SO-013,Single Origin item 13,Single Origin,20.20,11
2024-04-05,SO-013,Single Origin item 13,Single Origin,20.20,11
2024-04-08,SO-013,Single Origin item 13,Single Origin,20.20,17
2024-04-10,SO-013,Single Origin item 13,Single Origin,20.20,16
2024-04-15,SO-013,Single Origin item 13,Single Origin,20.20,16
2024-04-17,SO-013,Single Origin item 13,Single Origin,20.20,15
2024-04-22,SO-013,Single Origin item 13,Single Origin,20.20,13
2024-04-24,SO-013,Single Origin item 13,Single Origin,20.20,13
2024-04-26,SO-013,Single Origin item 13,Single Origin,20.20,13
2024-04-29,SO-013,Single Origin item 13,Single Origin,20.20,44
2024-05-06,SO-013,Single Origin item 13,Single Origin,20.20,13
2024-05-08,SO-013,Single Origin item 13,Single Origin,20.20,13
2024-05-10,SO-013,Single Origin item 13,Single Origin,20.20,13
2024-05-13,SO-013,Single Origin item 13,Single Origin,20.20,9
2024-05-15,SO-013,Single Origin item 13,Single Origin,20.20,9
2024-05-17,SO-013,Single Origin item 13,Single Origin,20.20,8
2024-05-20,SO-013,Single Origin item 13,Single Origin,20.20,31
2024-05-27,SO-013,Single Origin item 13,Single Origin,20.20,18
2024-05-29,SO-013,Single Origin item 13,Single Origin,20.20,17
2024-06-03,SO-013,Single Origin item 13,Single Origin,16.55,34
2024-06-10,SO-013,Single Origin item 13,Single Origin,19.84,17
2024-06-12,SO-013,Single Origin item 13,Single Origin,19.84,16
2024-06-17,SO-013,Single Origin item 13,Single Origin,17.70,29
2024-06-24,SO-013,Single Origin item 13,Single Origin,19.84,23
2024-07-01,SO-013,Single Origin item 13,Single Origin,19.84,7
2024-07-03,SO-013,Single Origin item 13,Single Origin,19.84,7
2024-07-05,SO-013,Single Origin item 13,Single Origin,19.84,7
2024-07-08,SO-013,Single Origin item 13,Single Origin,19.84,16
2024-07-10,SO-013,Single Origin item 13,Single Origin,19.84,15
2024-07-15,SO-013,Single Origin item 13,Single Origin,14.36,26
2024-07-22,SO-013,Single Origin item 13,Single Origin,19.84,8
2024-07-24,SO-013,Single Origin item 13,Single Origin,19.84,8
2024-07-26,SO-013,Single Origin item 13,Single Origin,19.84,7
2024-07-29,SO-013,Single Origin item 13,Single Origin,19.84,15
2024-07-31,SO-013,Single Origin item 13,Single Origin,19.84,15
2024-08-05,SO-013,Single Origin item 13,Single Origin,19.84,12
2024-08-07,SO-013,Single Origin item 13,Single Origin,19.84,12
2024-08-09,SO-013,Single Origin item 13,Single Origin,19.84,11
2024-08-12,SO-013,Single Origin item 13,Single Origin,19.84,16
2024-08-14,SO-013,Single Origin item 13,Single Origin,19.84,16
2024-08-19,SO-013,Single Origin item 13,Single Origin,19.84,16
2024-08-21,SO-013,Single Origin item 13,Single Origin,19.84,16
2024-08-23,SO-013,Single Origin item 13,Single Origin,19.84,16
2024-08-26,SO-013,Single Origin item 13,Single Origin,16.70,50
2024-09-02,SO-013,Single Origin item 13,Single Origin,15.26,31
2024-09-09,SO-013,Single Origin item 13,Single Origin,17.22,10
2024-09-11,SO-013,Single Origin item 13,Single Origin,17.22,10
2024-09-13,SO-013,Single Origin item 13,Single Origin,17.22,10
2024-09-16,SO-013,Single Origin item 13,Single Origin,17.61,28
2024-09-18,SO-013,Single Origin item 13,Single Origin,17.61,27
2024-09-23,SO-013,Single Origin item 13,Single Origin,16.05,21
2024-09-25,SO-013,Single Origin item 13,Single Origin,16.05,21
2024-09-30,SO-013,Single Origin item 13,Single Origin,17.49,15
2024-10-02,SO-013,Single Origin item 13,Single Origin,17.49,14
2024-10-07,SO-013,Single Origin item 13,Single Origin,19.84,24
2024-10-14,SO-013,Single Origin item 13,Single Origin,19.84,8
2024-10-16,SO-013,Single Origin item 13,Single Origin,19.84,8
2024-10-18,SO-013,Single Origin item 13,Single Origin,19.84,7
2024-10-21,SO-013,Single Origin item 13,Single Origin,19.84,9
2024-10-23,SO-013,Single Origin item 13,Single Origin,19.84,9
2024-10-25,SO-013,Single Origin item 13,Single Origin,19.84,8
2024-10-28,SO-013,Single Origin item 13,Single Origin,19.84,41
2024-11-04,SO-013,Single Origin item 13,Single Origin,19.84,34
2024-11-11,SO-013,Single Origin item 13,Single Origin,19.84,11
2024-11-13,SO-013,Single Origin item 13,Single Origin,19.84,11
2024-11-15,SO-013,Single Origin item 13,Single Origin,19.84,11
2024-11-18,SO-013,Single Origin item 13,Single Origin,19.84,26
2024-11-25,SO-013,Single Origin item 13,Single Origin,15.48,47
2024-12-02,SO-013,Single Origin item 13,Single Origin,19.84,32
2024-12-09,SO-013,Single Origin item 13,Single Origin,19.84,24
2024-12-16,SO-013,Single Origin item 13,Single Origin,19.84,15
2024-12-18,SO-013,Single Origin item 13,Single Origin,19.84,15
2024-12-20,SO-013,Single Origin item 13,Single Origin,19.84,15
2024-12-23,SO-013,Single Origin item 13,Single Origin,19.84,30
2024-01-01,SO-014,Single Origin item 14,Single Origin,31.00,20
2024-01-03,SO-014,Single Origin item 14,Single Origin,31.00,20
2024-01-08,SO-014,Single Origin item 14,Single Origin,31.00,26
2024-01-10,SO-014,Single Origin item 14,Single Origin,31.00,26
2024-01-15,SO-014,Single Origin item 14,Single Origin,25.17,40
2024-01-22,SO-014,Single Origin item 14,Single Origin,31.00,16
2024-01-24,SO-014,Single Origin item 14,Single Origin,31.00,15
2024-01-29,SO-014,Single Origin item 14,Single Origin,34.73,17
2024-01-31,SO-014,Single Origin item 14,Single Origin,34.73,17
2024-02-05,SO-014,Single Origin item 14,Single Origin,34.73,18
2024-02-07,SO-014,Single Origin item 14,Single Origin,34.73,18
2024-02-09,SO-014,Single Origin item 14,Single Origin,34.73,17
2024-02-12,SO-014,Single Origin item 14,Single Origin,34.73,12
2024-02-14,SO-014,Single Origin item 14,Single Origin,34.73,12
2024-02-16,SO-014,Single Origin item 14,Single Origin,34.73,12
2024-02-19,SO-014,Single Origin item 14,Single Origin,34.73,9
2024-02-21,SO-014,Single Origin item 14,Single Origin,34.73,8
2024-02-26,SO-014,Single Origin item 14,Single Origin,34.73,19
2024-02-28,SO-014,Single Origin item 14,Single Origin,34.73,18
2024-03-04,SO-014,Single Origin item 14,Single Origin,34.73,11
2024-03-06,SO-014,Single Origin item 14,Single Origin,34.73,10
2024-03-08,SO-014,Single Origin item 14,Single Origin,34.73,10
2024-03-11,SO-014,Single Origin item 14,Single Origin,34.73,16
2024-03-13,SO-014,Single Origin item 14,Single Origin,34.73,16
2024-03-18,SO-014,Single Origin item 14,Single Origin,34.73,38
2024-03-25,SO-014,Single Origin item 14,Single Origin,34.73,11
2024-03-27,SO-014,Single Origin item 14,Single Origin,34.73,10
2024-03-29,SO-014,Single Origin item 14,Single Origin,34.73,10
2024-04-01,SO-014,Single Origin item 14,Single Origin,34.73,14
2024-04-03,SO-014,Single Origin item 14,Single Origin,34.73,13
2024-04-05,SO-014,Single Origin item 14,Single Origin,34.73,13
2024-04-08,SO-014,Single Origin item 14,Single Origin,34.73,12
2024-04-10,SO-014,Single Origin item 14,Single Origin,34.73,11
2024-04-12,SO-014,Single Origin item 14,Single Origin,34.73,11
2024-04-15,SO-014,Single Origin item 14,Single Origin,34.73,39
2024-04-22,SO-014,Single Origin item 14,Single Origin,34.73,37
2024-04-29,SO-014,Single Origin item 14,Single Origin,34.73,16
2024-05-01,SO-014,Single Origin item 14,Single Origin,34.73,15
2024-05-06,SO-014,Single Origin item 14,Single Origin,34.73,39
2024-05-13,SO-014,Single Origin item 14,Single Origin,26.04,14
2024-05-15,SO-014,Single Origin item 14,Single Origin,26.04,13
2024-05-17,SO-014,Single Origin item 14,Single Origin,26.04,13
2024-05-20,SO-014,Single Origin item 14,Single Origin,34.73,17
2024-05-22,SO-014,Single Origin item 14,Single Origin,34.73,16
2024-05-24,SO-014,Single Origin item 14,Single Origin,34.73,16
2024-05-27,SO-014,Single Origin item 14,Single Origin,34.73,21
2024-05-29,SO-014,Single Origin item 14,Single Origin,34.73,21
2024-06-03,SO-014,Single Origin item 14,Single Origin,34.73,29
2024-06-10,SO-014,Single Origin item 14,Single Origin,34.73,43
2024-06-17,SO-014,Single Origin item 14,Single Origin,34.73,22
2024-06-19,SO-014,Single Origin item 14,Single Origin,34.73,21
2024-06-24,SO-014,Single Origin item 14,Single Origin,34.73,36
2024-07-01,SO-014,Single Origin item 14,Single Origin,34.73,22
2024-07-03,SO-014,Single Origin item 14,Single Origin,34.73,22
2024-07-08,SO-014,Single Origin item 14,Single Origin,34.73,13
2024-07-10,SO-014,Single Origin item 14,Single Origin,34.73,12
2024-07-12,SO-014,Single Origin item 14,Single Origin,34.73,12
2024-07-15,SO-014,Single Origin item 14,Single Origin,34.73,22
2024-07-17,SO-014,Single Origin item 14,Single Origin,34.73,21
2024-07-22,SO-014,Single Origin item 14,Single Origin,34.73,13
2024-07-24,SO-014,Single Origin item 14,Single Origin,34.73,13
2024-07-26,SO-014,Single Origin item 14,Single Origin,34.73,13
2024-07-29,SO-014,Single Origin item 14,Single Origin,34.73,13
2024-07-31,SO-014,Single Origin item 14,Single Origin,34.73,13
2024-08-02,SO-014,Single Origin item 14,Single Origin,34.73,13
2024-08-05,SO-014,Single Origin item 14,Single Origin,34.73,16
2024-08-07,SO-014,Single Origin item 14,Single Origin,34.73,15
2024-08-12,SO-014,Single Origin item 14,Single Origin,34.73,19
2024-08-14,SO-014,Single Origin item 14,Single Origin,34.73,18
2024-08-19,SO-014,Single Origin item 14,Single Origin,34.73,44
2024-08-26,SO-014,Single Origin item 14,Single Origin,34.73,17
2024-08-28,SO-014,Single Origin item 14,Single Origin,34.73,17
2024-09-02,SO-014,Single Origin item 14,Single Origin,34.73,26
2024-09-09,SO-014,Single Origin item 14,Single Origin,34.73,12
2024-09-11,SO-014,Single Origin item 14,Single Origin,34.73,12
2024-09-13,SO-014,Single Origin item 14,Single Origin,34.73,11
2024-09-16,SO-014,Single Origin item 14,Single Origin,34.73,16
2024-09-18,SO-014,Single Origin item 14,Single Origin,34.73,15
2024-09-23,SO-014,Single Origin item 14,Single Origin,34.73,16
2024-09-25,SO-014,Single Origin item 14,Single Origin,34.73,15
2024-09-27,SO-014,Single Origin item 14,Single Origin,34.73,15
2024-09-30,SO-014,Single Origin item 14,Single Origin,34.73,14
2024-10-02,SO-014,Single Origin item 14,Single Origin,34.73,13
2024-10-04,SO-014,Single Origin item 14,Single Origin,34.73,13
2024-10-07,SO-014,Single Origin item 14,Single Origin,34.73,22
2024-10-09,SO-014,Single Origin item 14,Single Origin,34.73,22
2024-10-14,SO-014,Single Origin item 14,Single Origin,34.73,21
2024-10-16,SO-014,Single Origin item 14,Single Origin,34.73,20
2024-10-21,SO-014,Single Origin item 14,Single Origin,26.70,16
2024-10-23,SO-014,Single Origin item 14,Single Origin,26.70,15
2024-10-28,SO-014,Single Origin item 14,Single Origin,34.73,46
2024-11-04,SO-014,Single Origin item 14,Single Origin,34.73,50
2024-11-11,SO-014,Single Origin item 14,Single Origin,34.73,9
2024-11-13,SO-014,Single Origin item 14,Single Origin,34.73,9
2024-11-15,SO-014,Single Origin item 14,Single Origin,34.73,8
2024-11-18,SO-014,Single Origin item 14,Single Origin,34.73,12
2024-11-20,SO-014,Single Origin item 14,Single Origin,34.73,12
2024-11-22,SO-014,Single Origin item 14,Single Origin,34.73,11
2024-11-25,SO-014,Single Origin item 14,Single Origin,34.73,12
2024-11-27,SO-014,Single Origin item 14,Single Origin,34.73,11
2024-12-02,SO-014,Single Origin item 14,Single Origin,26.45,17
2024-12-04,SO-014,Single Origin item 14,Single Origin,26.45,17
2024-12-06,SO-014,Single Origin item 14,Single Origin,26.45,16
2024-12-09,SO-014,Single Origin item 14,Single Origin,34.73,14
2024-12-11,SO-014,Single Origin item 14,Single Origin,34.73,14
2024-12-16,SO-014,Single Origin item 14,Single Origin,34.73,20
2024-12-18,SO-014,Single Origin item 14,Single Origin,34.73,20
2024-12-23,SO-014,Single Origin item 14,Single Origin,34.73,11
2024-12-25,SO-014,Single Origin item 14,Single Origin,34.73,11
2024-01-01,SO-015,Single Origin item 15,Single Origin,13.60,15
2024-01-03,SO-015,Single Origin item 15,Single Origin,13.60,14
2024-01-08,SO-015,Single Origin item 15,Single Origin,13.60,14
2024-01-10,SO-015,Single Origin item 15,Single Origin,13.60,13
2024-01-15,SO-015,Single Origin item 15,Single Origin,13.60,16
2024-01-17,SO-015,Single Origin item 15,Single Origin,13.60,15
2024-01-22,SO-015,Single Origin item 15,Single Origin,10.17,12
2024-01-24,SO-015,Single Origin item 15,Single Origin,10.17,11
2024-01-26,SO-015,Single Origin item 15,Single Origin,10.17,11
2024-01-29,SO-015,Single Origin item 15,Single Origin,13.60,26
2024-02-05,SO-015,Single Origin item 15,Single Origin,13.60,27
2024-02-12,SO-015,Single Origin item 15,Single Origin,13.60,10
2024-02-14,SO-015,Single Origin item 15,Single Origin,13.60,10
2024-02-19,SO-015,Single Origin item 15,Single Origin,13.60,21
2024-02-21,SO-015,Single Origin item 15,Single Origin,13.60,21
2024-02-26,SO-015,Single Origin item 15,Single Origin,13.60,9
2024-02-28,SO-015,Single Origin item 15,Single Origin,13.60,8
2024-03-01,SO-015,Single Origin item 15,Single Origin,13.60,8
2024-03-04,SO-015,Single Origin item 15,Single Origin,9.75,14
2024-03-06,SO-015,Single Origin item 15,Single Origin,9.75,14
2024-03-11,SO-015,Single Origin item 15,Single Origin,13.60,11
2024-03-13,SO-015,Single Origin item 15,Single Origin,13.60,11
2024-03-18,SO-015,Single Origin item 15,Single Origin,13.60,26
2024-03-25,SO-015,Single Origin item 15,Single Origin,13.60,14
2024-03-27,SO-015,Single Origin item 15,Single Origin,13.60,13
2024-03-29,SO-015,Single Origin item 15,Single Origin,13.60,13
2024-04-01,SO-015,Single Origin item 15,Single Origin,13.60,12
2024-04-03,SO-015,Single Origin item 15,Single Origin,13.60,11
2024-04-05,SO-015,Single Origin item 15,Single Origin,13.60,11
2024-04-08,SO-015,Single Origin item 15,Single Origin,9.73,12
2024-04-10,SO-015,Single Origin item 15,Single Origin,9.73,12
2024-04-12,SO-015,Single Origin item 15,Single Origin,9.73,11
2024-04-15,SO-015,Single Origin item 15,Single Origin,13.60,23
2024-04-17,SO-015,Single Origin item 15,Single Origin,13.60,23
2024-04-22,SO-015,Single Origin item 15,Single Origin,13.60,20
2024-04-29,SO-015,Single Origin item 15,Single Origin,13.60,14
2024-05-01,SO-015,Single Origin item 15,Single Origin,13.60,14
2024-05-06,SO-015,Single Origin item 15,Single Origin,13.60,10
2024-05-08,SO-015,Single Origin item 15,Single Origin,13.60,10
2024-05-10,SO-015,Single Origin item 15,Single Origin,13.60,9
2024-05-13,SO-015,Single Origin item 15,Single Origin,13.60,45
2024-05-20,SO-015,Single Origin item 15,Single Origin,13.60,31
2024-05-27,SO-015,Single Origin item 15,Single Origin,13.60,12
2024-05-29,SO-015,Single Origin item 15,Single Origin,13.60,12
2024-06-03,SO-015,Single Origin item 15,Single Origin,13.60,17
2024-06-05,SO-015,Single Origin item 15,Single Origin,13.60,16
2024-06-10,SO-015,Single Origin item 15,Single Origin,13.60,12
2024-06-12,SO-015,Single Origin item 15,Single Origin,13.60,12
2024-06-14,SO-015,Single Origin item 15,Single Origin,13.60,11
2024-06-17,SO-015,Single Origin item 15,Single Origin,13.60,30
2024-06-24,SO-015,Single Origin item 15,Single Origin,13.60,15
2024-06-26,SO-015,Single Origin item 15,Single Origin,13.60,15
2024-07-01,SO-015,Single Origin item 15,Single Origin,13.60,33
2024-07-08,SO-015,Single Origin item 15,Single Origin,11.19,36
2024-07-15,SO-015,Single Origin item 15,Single Origin,11.19,11
2024-07-17,SO-015,Single Origin item 15,Single Origin,11.19,11
2024-07-19,SO-015,Single Origin item 15,Single Origin,11.19,10
2024-07-22,SO-015,Single Origin item 15,Single Origin,11.19,14
2024-07-24,SO-015,Single Origin item 15,Single Origin,11.19,14
2024-07-26,SO-015,Single Origin item 15,Single Origin,11.19,14
2024-07-29,SO-015,Single Origin item 15,Single Origin,10.96,23
2024-07-31,SO-015,Single Origin item 15,Single Origin,10.96,22
2024-08-05,SO-015,Single Origin item 15,Single Origin,10.96,28
2024-08-12,SO-015,Single Origin item 15,Single Origin,8.19,13
2024-08-14,SO-015,Single Origin item 15,Single Origin,8.19,13
2024-08-16,SO-015,Single Origin item 15,Single Origin,8.19,12
2024-08-19,SO-015,Single Origin item 15,Single Origin,10.82,10
2024-08-21,SO-015,Single Origin item 15,Single Origin,10.82,10
2024-08-23,SO-015,Single Origin item 15,Single Origin,10.82,10
2024-08-26,SO-015,Single Origin item 15,Single Origin,10.82,37
2024-09-02,SO-015,Single Origin item 15,Single Origin,10.82,25
2024-09-09,SO-015,Single Origin item 15,Single Origin,10.82,16
2024-09-11,SO-015,Single Origin item 15,Single Origin,10.82,15
2024-09-16,SO-015,Single Origin item 15,Single Origin,10.82,29
2024-09-23,SO-015,Single Origin item 15,Single Origin,10.82,34
2024-09-30,SO-015,Single Origin item 15,Single Origin,10.82,11
2024-10-02,SO-015,Single Origin item 15,Single Origin,10.82,11
2024-10-04,SO-015,Single Origin item 15,Single Origin,10.82,11
2024-10-07,SO-015,Single Origin item 15,Single Origin,10.82,18
2024-10-09,SO-015,Single Origin item 15,Single Origin,10.82,17
2024-10-14,SO-015,Single Origin item 15,Single Origin,10.82,18
2024-10-16,SO-015,Single Origin item 15,Single Origin,10.82,17
2024-10-21,SO-015,Single Origin item 15,Single Origin,10.82,39
2024-10-28,SO-015,Single Origin item 15,Single Origin,10.82,9
2024-10-30,SO-015,Single Origin item 15,Single Origin,10.82,9
2024-11-01,SO-015,Single Origin item 15,Single Origin,10.82,8
2024-11-04,SO-015,Single Origin item 15,Single Origin,10.82,15
2024-11-06,SO-015,Single Origin item 15,Single Origin,10.82,15
2024-11-11,SO-015,Single Origin item 15,Single Origin,10.82,20
2024-11-13,SO-015,Single Origin item 15,Single Origin,10.82,20
2024-11-18,SO-015,Single Origin item 15,Single Origin,10.82,26
2024-11-25,SO-015,Single Origin item 15,Single Origin,10.82,18
2024-11-27,SO-015,Single Origin item 15,Single Origin,10.82,17
2024-12-02,SO-015,Single Origin item 15,Single Origin,10.82,32
2024-12-09,SO-015,Single Origin item 15,Single Origin,7.93,16
2024-12-11,SO-015,Single Origin item 15,Single Origin,7.93,16
2024-12-13,SO-015,Single Origin item 15,Single Origin,7.93,16
2024-12-16,SO-015,Single Origin item 15,Single Origin,8.97,13
2024-12-18,SO-015,Single Origin item 15,Single Origin,8.97,13
2024-12-20,SO-015,Single Origin item 15,Single Origin,8.97,12
2024-12-23,SO-015,Single Origin item 15,Single Origin,11.21,13
2024-12-25,SO-015,Single Origin item 15,Single Origin,11.21,13
2024-12-27,SO-015,Single Origin item 15,Single Origin,11.21,12
2024-01-01,SO-016,Single Origin item 16,Single Origin,32.40,126
2024-01-08,SO-016,Single Origin item 16,Single Origin,32.40,61
2024-01-10,SO-016,Single Origin item 16,Single Origin,32.40,61
2024-01-15,SO-016,Single Origin item 16,Single Origin,32.40,41
2024-01-17,SO-016,Single Origin item 16,Single Origin,32.40,41
2024-01-19,SO-016,Single Origin item 16,Single Origin,32.40,41
2024-01-22,SO-016,Single Origin item 16,Single Origin,31.99,49
2024-01-24,SO-016,Single Origin item 16,Single Origin,31.99,49
2024-01-26,SO-016,Single Origin item 16,Single Origin,31.99,49
2024-01-29,SO-016,Single Origin item 16,Single Origin,24.93,139
2024-02-05,SO-016,Single Origin item 16,Single Origin,31.99,85
2024-02-07,SO-016,Single Origin item 16,Single Origin,31.99,84
2024-02-12,SO-016,Single Origin item 16,Single Origin,31.99,126
2024-02-19,SO-016,Single Origin item 16,Single Origin,31.99,79
2024-02-21,SO-016,Single Origin item 16,Single Origin,31.99,78
2024-02-26,SO-016,Single Origin item 16,Single Origin,31.99,103
2024-03-04,SO-016,Single Origin item 16,Single Origin,31.99,29
2024-03-06,SO-016,Single Origin item 16,Single Origin,31.99,29
2024-03-08,SO-016,Single Origin item 16,Single Origin,31.99,28
2024-03-11,SO-016,Single Origin item 16,Single Origin,26.89,103
2024-03-18,SO-016,Single Origin item 16,Single Origin,31.99,36
2024-03-20,SO-016,Single Origin item 16,Single Origin,31.99,36
2024-03-22,SO-016,Single Origin item 16,Single Origin,31.99,35
2024-03-25,SO-016,Single Origin item 16,Single Origin,31.99,64
2024-03-27,SO-016,Single Origin item 16,Single Origin,31.99,63
2024-04-01,SO-016,Single Origin item 16,Single Origin,31.99,128
2024-04-08,SO-016,Single Origin item 16,Single Origin,31.99,105
2024-04-15,SO-016,Single Origin item 16,Single Origin,31.99,35
2024-04-17,SO-016,Single Origin item 16,Single Origin,31.99,34
2024-04-19,SO-016,Single Origin item 16,Single Origin,31.99,34
2024-04-22,SO-016,Single Origin item 16,Single Origin,31.99,79
2024-04-29,SO-016,Single Origin item 16,Single Origin,31.99,62
2024-05-01,SO-016,Single Origin item 16,Single Origin,31.99,62
2024-05-06,SO-016,Single Origin item 16,Single Origin,31.99,124
2024-05-13,SO-016,Single Origin item 16,Single Origin,31.99,132
2024-05-20,SO-016,Single Origin item 16,Single Origin,31.99,67
2024-05-22,SO-016,Single Origin item 16,Single Origin,31.99,67
2024-05-27,SO-016,Single Origin item 16,Single Origin,31.99,116
2024-06-03,SO-016,Single Origin item 16,Single Origin,31.99,73
2024-06-05,SO-016,Single Origin item 16,Single Origin,31.99,73
2024-06-10,SO-016,Single Origin item 16,Single Origin,31.99,152
2024-06-17,SO-016,Single Origin item 16,Single Origin,22.98,63
2024-06-19,SO-016,Single Origin item 16,Single Origin,22.98,62
2024-06-24,SO-016,Single Origin item 16,Single Origin,31.99,30
2024-06-26,SO-016,Single Origin item 16,Single Origin,31.99,30
2024-06-28,SO-016,Single Origin item 16,Single Origin,31.99,29
2024-07-01,SO-016,Single Origin item 16,Single Origin,31.99,134
2024-07-08,SO-016,Single Origin item 16,Single Origin,25.31,71
2024-07-10,SO-016,Single Origin item 16,Single Origin,25.31,71
2024-07-15,SO-016,Single Origin item 16,Single Origin,26.90,60
2024-07-17,SO-016,Single Origin item 16,Single Origin,26.90,59
2024-07-22,SO-016,Single Origin item 16,Single Origin,31.99,35
2024-07-24,SO-016,Single Origin item 16,Single Origin,31.99,34
2024-07-26,SO-016,Single Origin item 16,Single Origin,31.99,34
2024-07-29,SO-016,Single Origin item 16,Single Origin,28.44,41
2024-07-31,SO-016,Single Origin item 16,Single Origin,28.44,40
2024-08-02,SO-016,Single Origin item 16,Single Origin,28.44,40
2024-08-05,SO-016,Single Origin item 16,Single Origin,31.99,131
2024-08-12,SO-016,Single Origin item 16,Single Origin,26.19,38
2024-08-14,SO-016,Single Origin item 16,Single Origin,26.19,37
2024-08-16,SO-016,Single Origin item 16,Single Origin,26.19,37
2024-08-19,SO-016,Single Origin item 16,Single Origin,34.51,38
2024-08-21,SO-016,Single Origin item 16,Single Origin,34.51,38
2024-08-23,SO-016,Single Origin item 16,Single Origin,34.51,38
2024-08-26,SO-016,Single Origin item 16,Single Origin,34.51,52
2024-08-28,SO-016,Single Origin item 16,Single Origin,34.51,52
2024-08-30,SO-016,Single Origin item 16,Single Origin,34.51,52
2024-09-02,SO-016,Single Origin item 16,Single Origin,34.51,38
2024-09-04,SO-016,Single Origin item 16,Single Origin,34.51,37
2024-09-06,SO-016,Single Origin item 16,Single Origin,34.51,37
2024-09-09,SO-016,Single Origin item 16,Single Origin,34.51,44
2024-09-11,SO-016,Single Origin item 16,Single Origin,34.51,43
2024-09-13,SO-016,Single Origin item 16,Single Origin,34.51,43
2024-09-16,SO-016,Single Origin item 16,Single Origin,34.51,135
2024-09-23,SO-016,Single Origin item 16,Single Origin,34.51,155
2024-09-30,SO-016,Single Origin item 16,Single Origin,34.51,133
2024-10-07,SO-016,Single Origin item 16,Single Origin,34.51,131
2024-10-14,SO-016,Single Origin item 16,Single Origin,28.01,77
2024-10-16,SO-016,Single Origin item 16,Single Origin,28.01,76
2024-10-21,SO-016,Single Origin item 16,Single Origin,34.51,43
2024-10-23,SO-016,Single Origin item 16,Single Origin,34.51,42
2024-10-25,SO-016,Single Origin item 16,Single Origin,34.51,42
2024-10-28,SO-016,Single Origin item 16,Single Origin,34.51,50
2024-10-30,SO-016,Single Origin item 16,Single Origin,34.51,49
2024-11-01,SO-016,Single Origin item 16,Single Origin,34.51,49
2024-11-04,SO-016,Single Origin item 16,Single Origin,24.84,69
2024-11-06,SO-016,Single Origin item 16,Single Origin,24.84,68
2024-11-11,SO-016,Single Origin item 16,Single Origin,34.54,147
2024-11-18,SO-016,Single Origin item 16,Single Origin,34.54,41
2024-11-20,SO-016,Single Origin item 16,Single Origin,34.54,41
2024-11-22,SO-016,Single Origin item 16,Single Origin,34.54,40
2024-11-25,SO-016,Single Origin item 16,Single Origin,27.83,114
2024-12-02,SO-016,Single Origin item 16,Single Origin,34.54,27
2024-12-04,SO-016,Single Origin item 16,Single Origin,34.54,27
2024-12-06,SO-016,Single Origin item 16,Single Origin,34.54,27
2024-12-09,SO-016,Single Origin item 16,Single Origin,24.22,50
2024-12-11,SO-016,Single Origin item 16,Single Origin,24.22,50
2024-12-13,SO-016,Single Origin item 16,Single Origin,24.22,49
2024-12-16,SO-016,Single Origin item 16,Single Origin,34.54,59
2024-12-18,SO-016,Single Origin item 16,Single Origin,34.54,58
2024-12-23,SO-016,Single Origin item 16,Single Origin,34.54,40
2024-12-25,SO-016,Single Origin item 16,Single Origin,34.54,39
2024-12-27,SO-016,Single Origin item 16,Single Origin,34.54,39
2024-01-01,SO-017,Single Origin item 17,Single Origin,12.19,18
2024-01-03,SO-017,Single Origin item 17,Single Origin,12.19,18
2024-01-05,SO-017,Single Origin item 17,Single Origin,12.19,18
2024-01-08,SO-017,Single Origin item 17,Single Origin,12.19,20
2024-01-10,SO-017,Single Origin item 17,Single Origin,12.19,19
2024-01-15,SO-017,Single Origin item 17,Single Origin,12.19,36
2024-01-17,SO-017,Single Origin item 17,Single Origin,12.19,36
2024-01-22,SO-017,Single Origin item 17,Single Origin,12.19,55
2024-01-29,SO-017,Single Origin item 17,Single Origin,12.19,31
2024-01-31,SO-017,Single Origin item 17,Single Origin,12.19,30
2024-02-05,SO-017,Single Origin item 17,Single Origin,12.19,19
2024-02-07,SO-017,Single Origin item 17,Single Origin,12.19,19
2024-02-09,SO-017,Single Origin item 17,Single Origin,12.19,19
2024-02-12,SO-017,Single Origin item 17,Single Origin,9.50,26
2024-02-14,SO-017,Single Origin item 17,Single Origin,9.50,26
2024-02-16,SO-017,Single Origin item 17,Single Origin,9.50,25
2024-02-19,SO-017,Single Origin item 17,Single Origin,12.19,24
2024-02-21,SO-017,Single Origin item 17,Single Origin,12.19,24
2024-02-26,SO-017,Single Origin item 17,Single Origin,12.19,69
2024-03-04,SO-017,Single Origin item 17,Single Origin,12.19,15
2024-03-06,SO-017,Single Origin item 17,Single Origin,12.19,14
2024-03-08,SO-017,Single Origin item 17,Single Origin,12.19,14
2024-03-11,SO-017,Single Origin item 17,Single Origin,12.19,20
2024-03-13,SO-017,Single Origin item 17,Single Origin,12.19,19
2024-03-15,SO-017,Single Origin item 17,Single Origin,12.19,19
2024-03-18,SO-017,Single Origin item 17,Single Origin,12.19,19
2024-03-20,SO-017,Single Origin item 17,Single Origin,12.19,19
2024-03-22,SO-017,Single Origin item 17,Single Origin,12.19,19
2024-03-25,SO-017,Single Origin item 17,Single Origin,10.55,31
2024-03-27,SO-017,Single Origin item 17,Single Origin,10.55,30
2024-04-01,SO-017,Single Origin item 17,Single Origin,12.19,48
2024-04-08,SO-017,Single Origin item 17,Single Origin,12.19,23
2024-04-10,SO-017,Single Origin item 17,Single Origin,12.19,22
2024-04-12,SO-017,Single Origin item 17,Single Origin,12.19,22
2024-04-15,SO-017,Single Origin item 17,Single Origin,12.19,26
2024-04-17,SO-017,Single Origin item 17,Single Origin,12.19,26
2024-04-22,SO-017,Single Origin item 17,Single Origin,12.19,23
2024-04-24,SO-017,Single Origin item 17,Single Origin,12.19,22
2024-04-29,SO-017,Single Origin item 17,Single Origin,12.19,31
2024-05-01,SO-017,Single Origin item 17,Single Origin,12.19,31
2024-05-06,SO-017,Single Origin item 17,Single Origin,12.19,56
2024-05-13,SO-017,Single Origin item 17,Single Origin,12.19,33
2024-05-15,SO-017,Single Origin item 17,Single Origin,12.19,32
2024-05-20,SO-017,Single Origin item 17,Single Origin,12.19,58
2024-05-27,SO-017,Single Origin item 17,Single Origin,12.19,23
2024-05-29,SO-017,Single Origin item 17,Single Origin,12.19,22
2024-06-03,SO-017,Single Origin item 17,Single Origin,12.19,20
2024-06-05,SO-017,Single Origin item 17,Single Origin,12.19,20
2024-06-07,SO-017,Single Origin item 17,Single Origin,12.19,20
2024-06-10,SO-017,Single Origin item 17,Single Origin,12.19,19
2024-06-12,SO-017,Single Origin item 17,Single Origin,12.19,19
2024-06-14,SO-017,Single Origin item 17,Single Origin,12.19,19
2024-06-17,SO-017,Single Origin item 17,Single Origin,12.19,18
2024-06-19,SO-017,Single Origin item 17,Single Origin,12.19,18
2024-06-21,SO-017,Single Origin item 17,Single Origin,12.19,17
2024-06-24,SO-017,Single Origin item 17,Single Origin,10.66,33
2024-06-26,SO-017,Single Origin item 17,Single Origin,10.66,33
2024-07-01,SO-017,Single Origin item 17,Single Origin,12.19,45
2024-07-08,SO-017,Single Origin item 17,Single Origin,12.19,62
2024-07-15,SO-017,Single Origin item 17,Single Origin,12.19,87
2024-07-22,SO-017,Single Origin item 17,Single Origin,12.19,50
2024-07-29,SO-017,Single Origin item 17,Single Origin,12.19,68
2024-08-05,SO-017,Single Origin item 17,Single Origin,12.19,39
2024-08-12,SO-017,Single Origin item 17,Single Origin,12.19,59
2024-08-19,SO-017,Single Origin item 17,Single Origin,12.19,16
2024-08-21,SO-017,Single Origin item 17,Single Origin,12.19,16
2024-08-23,SO-017,Single Origin item 17,Single Origin,12.19,16
2024-08-26,SO-017,Single Origin item 17,Single Origin,12.19,18
2024-08-28,SO-017,Single Origin item 17,Single Origin,12.19,17
2024-08-30,SO-017,Single Origin item 17,Single Origin,12.19,17
2024-09-02,SO-017,Single Origin item 17,Single Origin,12.19,26
2024-09-04,SO-017,Single Origin item 17,Single Origin,12.19,25
2024-09-09,SO-017,Single Origin item 17,Single Origin,12.19,63
2024-09-16,SO-017,Single Origin item 17,Single Origin,11.92,29
2024-09-18,SO-017,Single Origin item 17,Single Origin,11.92,29
2024-09-23,SO-017,Single Origin item 17,Single Origin,11.92,13
2024-09-25,SO-017,Single Origin item 17,Single Origin,11.92,13
2024-09-27,SO-017,Single Origin item 17,Single Origin,11.92,13
2024-09-30,SO-017,Single Origin item 17,Single Origin,11.92,16
2024-10-02,SO-017,Single Origin item 17,Single Origin,11.92,16
2024-10-04,SO-017,Single Origin item 17,Single Origin,11.92,16
2024-10-07,SO-017,Single Origin item 17,Single Origin,11.92,25
2024-10-09,SO-017,Single Origin item 17,Single Origin,11.92,24
2024-10-11,SO-017,Single Origin item 17,Single Origin,11.92,24
2024-10-14,SO-017,Single Origin item 17,Single Origin,10.78,57
2024-10-21,SO-017,Single Origin item 17,Single Origin,10.78,30
2024-10-23,SO-017,Single Origin item 17,Single Origin,10.78,30
2024-10-28,SO-017,Single Origin item 17,Single Origin,10.78,32
2024-10-30,SO-017,Single Origin item 17,Single Origin,10.78,32
2024-11-04,SO-017,Single Origin item 17,Single Origin,9.35,24
2024-11-06,SO-017,Single Origin item 17,Single Origin,9.35,24
2024-11-11,SO-017,Single Origin item 17,Single Origin,10.78,19
2024-11-13,SO-017,Single Origin item 17,Single Origin,10.78,19
2024-11-15,SO-017,Single Origin item 17,Single Origin,10.78,19
2024-11-18,SO-017,Single Origin item 17,Single Origin,10.78,49
2024-11-25,SO-017,Single Origin item 17,Single Origin,10.78,69
2024-12-02,SO-017,Single Origin item 17,Single Origin,10.78,23
2024-12-04,SO-017,Single Origin item 17,Single Origin,10.78,23
2024-12-06,SO-017,Single Origin item 17,Single Origin,10.78,23
2024-12-09,SO-017,Single Origin item 17,Single Origin,11.74,23
2024-12-11,SO-017,Single Origin item 17,Single Origin,11.74,22
2024-12-13,SO-017,Single Origin item 17,Single Origin,11.74,22
2024-12-16,SO-017,Single Origin item 17,Single Origin,11.74,32
2024-12-18,SO-017,Single Origin item 17,Single Origin,11.74,31
2024-12-23,SO-017,Single Origin item 17,Single Origin,11.74,62
2024-01-01,SO-018,Single Origin item 18,Single Origin,16.46,12
2024-01-03,SO-018,Single Origin item 18,Single Origin,16.46,11
2024-01-05,SO-018,Single Origin item 18,Single Origin,16.46,11
2024-01-08,SO-018,Single Origin item 18,Single Origin,16.46,9
2024-01-10,SO-018,Single Origin item 18,Single Origin,16.46,8
2024-01-12,SO-018,Single Origin item 18,Single Origin,16.46,8
2024-01-15,SO-018,Single Origin item 18,Single Origin,16.46,16
2024-01-17,SO-018,Single Origin item 18,Single Origin,16.46,16
2024-01-22,SO-018,Single Origin item 18,Single Origin,14.67,19
2024-01-24,SO-018,Single Origin item 18,Single Origin,14.67,19
2024-01-29,SO-018,Single Origin item 18,Single Origin,16.46,36
2024-02-05,SO-018,Single Origin item 18,Single Origin,16.46,11
2024-02-07,SO-018,Single Origin item 18,Single Origin,16.46,11
2024-02-09,SO-018,Single Origin item 18,Single Origin,16.46,10
2024-02-12,SO-018,Single Origin item 18,Single Origin,17.15,19
2024-02-14,SO-018,Single Origin item 18,Single Origin,17.15,18
2024-02-19,SO-018,Single Origin item 18,Single Origin,17.15,17
2024-02-21,SO-018,Single Origin item 18,Single Origin,17.15,17
2024-02-23,SO-018,Single Origin item 18,Single Origin,17.15,17
2024-02-26,SO-018,Single Origin item 18,Single Origin,17.15,41
2024-03-04,SO-018,Single Origin item 18,Single Origin,17.15,22
2024-03-06,SO-018,Single Origin item 18,Single Origin,17.15,22
2024-03-11,SO-018,Single Origin item 18,Single Origin,17.15,19
2024-03-13,SO-018,Single Origin item 18,Single Origin,17.15,19
2024-03-18,SO-018,Single Origin item 18,Single Origin,17.15,30
2024-03-25,SO-018,Single Origin item 18,Single Origin,17.15,43
2024-04-01,SO-018,Single Origin item 18,Single Origin,17.15,21
2024-04-03,SO-018,Single Origin item 18,Single Origin,17.15,21
2024-04-08,SO-018,Single Origin item 18,Single Origin,17.15,14
2024-04-10,SO-018,Single Origin item 18,Single Origin,17.15,14
2024-04-12,SO-018,Single Origin item 18,Single Origin,17.15,13
2024-04-15,SO-018,Single Origin item 18,Single Origin,17.15,44
2024-04-22,SO-018,Single Origin item 18,Single Origin,17.15,10
2024-04-24,SO-018,Single Origin item 18,Single Origin,17.15,9
2024-04-26,SO-018,Single Origin item 18,Single Origin,17.15,9
2024-04-29,SO-018,Single Origin item 18,Single Origin,14.10,31
2024-05-06,SO-018,Single Origin item 18,Single Origin,13.45,44
2024-05-13,SO-018,Single Origin item 18,Single Origin,17.15,13
2024-05-15,SO-018,Single Origin item 18,Single Origin,17.15,12
2024-05-20,SO-018,Single Origin item 18,Single Origin,17.15,10
2024-05-22,SO-018,Single Origin item 18,Single Origin,17.15,10
2024-05-24,SO-018,Single Origin item 18,Single Origin,17.15,9
2024-05-27,SO-018,Single Origin item 18,Single Origin,17.15,11
2024-05-29,SO-018,Single Origin item 18,Single Origin,17.15,10
2024-05-31,SO-018,Single Origin item 18,Single Origin,17.15,10
2024-06-03,SO-018,Single Origin item 18,Single Origin,17.15,13
2024-06-05,SO-018,Single Origin item 18,Single Origin,17.15,13
2024-06-07,SO-018,Single Origin item 18,Single Origin,17.15,13
2024-06-10,SO-018,Single Origin item 18,Single Origin,17.15,41
2024-06-17,SO-018,Single Origin item 18,Single Origin,17.15,13
2024-06-19,SO-018,Single Origin item 18,Single Origin,17.15,13
2024-06-21,SO-018,Single Origin item 18,Single Origin,17.15,12
2024-06-24,SO-018,Single Origin item 18,Single Origin,17.15,18
2024-06-26,SO-018,Single Origin item 18,Single Origin,17.15,18
2024-07-01,SO-018,Single Origin item 18,Single Origin,17.15,14
2024-07-03,SO-018,Single Origin item 18,Single Origin,17.15,13
2024-07-08,SO-018,Single Origin item 18,Single Origin,17.15,40
2024-07-15,SO-018,Single Origin item 18,Single Origin,17.15,17
2024-07-17,SO-018,Single Origin item 18,Single Origin,17.15,16
2024-07-22,SO-018,Single Origin item 18,Single Origin,15.20,38
2024-07-29,SO-018,Single Origin item 18,Single Origin,17.15,26
2024-08-05,SO-018,Single Origin item 18,Single Origin,17.15,32
2024-08-12,SO-018,Single Origin item 18,Single Origin,17.15,15
2024-08-14,SO-018,Single Origin item 18,Single Origin,17.15,15
2024-08-16,SO-018,Single Origin item 18,Single Origin,17.15,14
2024-08-19,SO-018,Single Origin item 18,Single Origin,17.15,15
2024-08-21,SO-018,Single Origin item 18,Single Origin,17.15,14
2024-08-26,SO-018,Single Origin item 18,Single Origin,12.26,19
2024-08-28,SO-018,Single Origin item 18,Single Origin,12.26,19
2024-08-30,SO-018,Single Origin item 18,Single Origin,12.26,19
2024-09-02,SO-018,Single Origin item 18,Single Origin,19.65,22
2024-09-09,SO-018,Single Origin item 18,Single Origin,19.65,13
2024-09-11,SO-018,Single Origin item 18,Single Origin,19.65,13
2024-09-13,SO-018,Single Origin item 18,Single Origin,19.65,13
2024-09-16,SO-018,Single Origin item 18,Single Origin,19.65,15
2024-09-18,SO-018,Single Origin item 18,Single Origin,19.65,15
2024-09-23,SO-018,Single Origin item 18,Single Origin,19.65,23
2024-09-25,SO-018,Single Origin item 18,Single Origin,19.65,22
2024-09-30,SO-018,Single Origin item 18,Single Origin,19.65,16
2024-10-02,SO-018,Single Origin item 18,Single Origin,19.65,16
2024-10-07,SO-018,Single Origin item 18,Single Origin,19.65,13
2024-10-09,SO-018,Single Origin item 18,Single Origin,19.65,13
2024-10-11,SO-018,Single Origin item 18,Single Origin,19.65,13
2024-10-14,SO-018,Single Origin item 18,Single Origin,19.65,10
2024-10-16,SO-018,Single Origin item 18,Single Origin,19.65,10
2024-10-18,SO-018,Single Origin item 18,Single Origin,19.65,9
2024-10-21,SO-018,Single Origin item 18,Single Origin,14.14,14
2024-10-23,SO-018,Single Origin item 18,Single Origin,14.14,14
2024-10-25,SO-018,Single Origin item 18,Single Origin,14.14,13
2024-10-28,SO-018,Single Origin item 18,Single Origin,19.65,17
2024-10-30,SO-018,Single Origin item 18,Single Origin,19.65,16
2024-11-04,SO-018,Single Origin item 18,Single Origin,19.65,9
2024-11-06,SO-018,Single Origin item 18,Single Origin,19.65,8
2024-11-08,SO-018,Single Origin item 18,Single Origin,19.65,8
2024-11-11,SO-018,Single Origin item 18,Single Origin,21.09,12
2024-11-13,SO-018,Single Origin item 18,Single Origin,21.09,12
2024-11-15,SO-018,Single Origin item 18,Single Origin,21.09,12
2024-11-18,SO-018,Single Origin item 18,Single Origin,21.09,37
2024-11-25,SO-018,Single Origin item 18,Single Origin,21.09,28
2024-12-02,SO-018,Single Origin item 18,Single Origin,21.09,10
2024-12-04,SO-018,Single Origin item 18,Single Origin,21.09,10
2024-12-06,SO-018,Single Origin item 18,Single Origin,21.09,10
2024-12-09,SO-018,Single Origin item 18,Single Origin,21.09,7
2024-12-11,SO-018,Single Origin item 18,Single Origin,21.09,7
2024-12-13,SO-018,Single Origin item 18,Single Origin,21.09,6
2024-12-16,SO-018,Single Origin item 18,Single Origin,21.09,15
2024-12-18,SO-018,Single Origin item 18,Single Origin,21.09,14
2024-12-23,SO-018,Single Origin item 18,Single Origin,17.00,29
2024-01-01,B-001,Blends item 1,Blends,9.10,42
2024-01-08,B-001,Blends item 1,Blends,9.10,18
2024-01-10,B-001,Blends item 1,Blends,9.10,18
2024-01-15,B-001,Blends item 1,Blends,9.10,13
2024-01-17,B-001,Blends item 1,Blends,9.10,13
2024-01-22,B-001,Blends item 1,Blends,9.10,25
2024-01-29,B-001,Blends item 1,Blends,9.10,16
2024-01-31,B-001,Blends item 1,Blends,9.10,16
2024-02-05,B-001,Blends item 1,Blends,9.10,18
2024-02-12,B-001,Blends item 1,Blends,9.10,50
2024-02-19,B-001,Blends item 1,Blends,9.10,32
2024-02-26,B-001,Blends item 1,Blends,9.10,34
2024-03-04,B-001,Blends item 1,Blends,9.10,23
2024-03-11,B-001,Blends item 1,Blends,9.10,40
2024-03-18,B-001,Blends item 1,Blends,9.10,10
2024-03-20,B-001,Blends item 1,Blends,9.10,10
2024-03-22,B-001,Blends item 1,Blends,9.10,9
2024-03-25,B-001,Blends item 1,Blends,9.10,27
2024-04-01,B-001,Blends item 1,Blends,9.10,40
2024-04-08,B-001,Blends item 1,Blends,7.00,17
2024-04-10,B-001,Blends item 1,Blends,7.00,17
2024-04-15,B-001,Blends item 1,Blends,9.10,32
2024-04-22,B-001,Blends item 1,Blends,11.26,9
2024-04-24,B-001,Blends item 1,Blends,11.26,9
2024-04-26,B-001,Blends item 1,Blends,11.26,9
2024-04-29,B-001,Blends item 1,Blends,11.26,10
2024-05-01,B-001,Blends item 1,Blends,11.26,10
2024-05-03,B-001,Blends item 1,Blends,11.26,10
2024-05-06,B-001,Blends item 1,Blends,8.69,24
2024-05-13,B-001,Blends item 1,Blends,11.26,14
2024-05-15,B-001,Blends item 1,Blends,11.26,13
2024-05-17,B-001,Blends item 1,Blends,11.26,13
2024-05-20,B-001,Blends item 1,Blends,11.26,39
2024-05-27,B-001,Blends item 1,Blends,8.02,22
2024-05-29,B-001,Blends item 1,Blends,8.02,21
2024-06-03,B-001,Blends item 1,Blends,9.56,47
2024-06-10,B-001,Blends item 1,Blends,11.26,9
2024-06-12,B-001,Blends item 1,Blends,11.26,8
2024-06-14,B-001,Blends item 1,Blends,11.26,8
2024-06-17,B-001,Blends item 1,Blends,11.26,17
2024-06-19,B-001,Blends item 1,Blends,11.26,17
2024-06-24,B-001,Blends item 1,Blends,11.26,6
2024-06-26,B-001,Blends item 1,Blends,11.26,6
2024-06-28,B-001,Blends item 1,Blends,11.26,5
2024-07-01,B-001,Blends item 1,Blends,11.26,7
2024-07-03,B-001,Blends item 1,Blends,11.26,7
2024-07-05,B-001,Blends item 1,Blends,11.26,6
2024-07-08,B-001,Blends item 1,Blends,11.26,14
2024-07-10,B-001,Blends item 1,Blends,11.26,14
2024-07-15,B-001,Blends item 1,Blends,8.13,15
2024-07-17,B-001,Blends item 1,Blends,8.13,14
2024-07-22,B-001,Blends item 1,Blends,11.26,21
2024-07-24,B-001,Blends item 1,Blends,11.26,21
2024-07-29,B-001,Blends item 1,Blends,11.26,12
2024-07-31,B-001,Blends item 1,Blends,11.26,12
2024-08-05,B-001,Blends item 1,Blends,7.95,37
2024-08-12,B-001,Blends item 1,Blends,11.26,32
2024-08-19,B-001,Blends item 1,Blends,9.42,20
2024-08-21,B-001,Blends item 1,Blends,9.42,19
2024-08-26,B-001,Blends item 1,Blends,11.26,16
2024-08-28,B-001,Blends item 1,Blends,11.26,16
2024-09-02,B-001,Blends item 1,Blends,11.26,10
2024-09-04,B-001,Blends item 1,Blends,11.26,10
2024-09-06,B-001,Blends item 1,Blends,11.26,9
2024-09-09,B-001,Blends item 1,Blends,11.26,11
2024-09-11,B-001,Blends item 1,Blends,11.26,10
2024-09-13,B-001,Blends item 1,Blends,11.26,10
2024-09-16,B-001,Blends item 1,Blends,11.26,15
2024-09-18,B-001,Blends item 1,Blends,11.26,14
2024-09-23,B-001,Blends item 1,Blends,11.26,8
2024-09-25,B-001,Blends item 1,Blends,11.26,8
2024-09-27,B-001,Blends item 1,Blends,11.26,7
2024-09-30,B-001,Blends item 1,Blends,11.26,29
2024-10-07,B-001,Blends item 1,Blends,11.26,11
2024-10-09,B-001,Blends item 1,Blends,11.26,11
2024-10-14,B-001,Blends item 1,Blends,11.26,10
2024-10-16,B-001,Blends item 1,Blends,11.26,10
2024-10-21,B-001,Blends item 1,Blends,11.26,12
2024-10-23,B-001,Blends item 1,Blends,11.26,12
2024-10-25,B-001,Blends item 1,Blends,11.26,12
2024-10-28,B-001,Blends item 1,Blends,11.26,22
2024-11-04,B-001,Blends item 1,Blends,11.26,27
2024-11-11,B-001,Blends item 1,Blends,8.80,11
2024-11-13,B-001,Blends item 1,Blends,8.80,11
2024-11-18,B-001,Blends item 1,Blends,11.26,23
2024-11-25,B-001,Blends item 1,Blends,11.26,11
2024-11-27,B-001,Blends item 1,Blends,11.26,11
2024-11-29,B-001,Blends item 1,Blends,11.26,11
2024-12-02,B-001,Blends item 1,Blends,11.29,10
2024-12-04,B-001,Blends item 1,Blends,11.29,10
2024-12-06,B-001,Blends item 1,Blends,11.29,9
2024-12-09,B-001,Blends item 1,Blends,11.29,15
2024-12-11,B-001,Blends item 1,Blends,11.29,15
2024-12-16,B-001,Blends item 1,Blends,8.50,33
2024-12-23,B-001,Blends item 1,Blends,13.21,27
2024-01-01,B-002,Blends item 2,Blends,21.69,17
2024-01-03,B-002,Blends item 2,Blends,21.69,16
2024-01-08,B-002,Blends item 2,Blends,21.69,16
2024-01-10,B-002,Blends item 2,Blends,21.69,16
2024-01-12,B-002,Blends item 2,Blends,21.69,16
2024-01-15,B-002,Blends item 2,Blends,20.37,57
2024-01-22,B-002,Blends item 2,Blends,20.37,15
2024-01-24,B-002,Blends item 2,Blends,20.37,15
2024-01-29,B-002,Blends item 2,Blends,20.37,50
2024-02-05,B-002,Blends item 2,Blends,20.37,75
2024-02-12,B-002,Blends item 2,Blends,20.37,55
2024-02-19,B-002,Blends item 2,Blends,20.37,29
2024-02-21,B-002,Blends item 2,Blends,20.37,29
2024-02-26,B-002,Blends item 2,Blends,20.37,56
2024-03-04,B-002,Blends item 2,Blends,20.37,15
2024-03-06,B-002,Blends item 2,Blends,20.37,15
2024-03-08,B-002,Blends item 2,Blends,20.37,15
2024-03-11,B-002,Blends item 2,Blends,20.37,15
2024-03-13,B-002,Blends item 2,Blends,20.37,15
2024-03-15,B-002,Blends item 2,Blends,20.37,14
2024-03-18,B-002,Blends item 2,Blends,20.37,24
2024-03-20,B-002,Blends item 2,Blends,20.37,24
2024-03-25,B-002,Blends item 2,Blends,20.37,50
2024-04-01,B-002,Blends item 2,Blends,20.37,15
2024-04-03,B-002,Blends item 2,Blends,20.37,15
2024-04-05,B-002,Blends item 2,Blends,20.37,14
2024-04-08,B-002,Blends item 2,Blends,20.37,44
2024-04-15,B-002,Blends item 2,Blends,20.37,19
2024-04-17,B-002,Blends item 2,Blends,20.37,19
2024-04-19,B-002,Blends item 2,Blends,20.37,19
2024-04-22,B-002,Blends item 2,Blends,20.37,22
2024-04-24,B-002,Blends item 2,Blends,20.37,22
2024-04-26,B-002,Blends item 2,Blends,20.37,22
2024-04-29,B-002,Blends item 2,Blends,20.37,24
2024-05-01,B-002,Blends item 2,Blends,20.37,24
2024-05-06,B-002,Blends item 2,Blends,20.37,37
2024-05-13,B-002,Blends item 2,Blends,20.37,86
2024-05-20,B-002,Blends item 2,Blends,20.37,53
2024-05-27,B-002,Blends item 2,Blends,17.15,62
2024-06-03,B-002,Blends item 2,Blends,16.61,29
2024-06-05,B-002,Blends item 2,Blends,16.61,29
2024-06-10,B-002,Blends item 2,Blends,14.89,29
2024-06-12,B-002,Blends item 2,Blends,14.89,29
2024-06-17,B-002,Blends item 2,Blends,20.37,23
2024-06-19,B-002,Blends item 2,Blends,20.37,23
2024-06-21,B-002,Blends item 2,Blends,20.37,22
2024-06-24,B-002,Blends item 2,Blends,20.37,21
2024-06-26,B-002,Blends item 2,Blends,20.37,20
2024-06-28,B-002,Blends item 2,Blends,20.37,20
2024-07-01,B-002,Blends item 2,Blends,20.37,26
2024-07-03,B-002,Blends item 2,Blends,20.37,26
2024-07-08,B-002,Blends item 2,Blends,20.37,18
2024-07-10,B-002,Blends item 2,Blends,20.37,18
2024-07-12,B-002,Blends item 2,Blends,20.37,17
2024-07-15,B-002,Blends item 2,Blends,20.37,22
2024-07-17,B-002,Blends item 2,Blends,20.37,21
2024-07-19,B-002,Blends item 2,Blends,20.37,21
2024-07-22,B-002,Blends item 2,Blends,20.37,30
2024-07-24,B-002,Blends item 2,Blends,20.37,30
2024-07-29,B-002,Blends item 2,Blends,20.37,22
2024-07-31,B-002,Blends item 2,Blends,20.37,22
2024-08-02,B-002,Blends item 2,Blends,20.37,22
2024-08-05,B-002,Blends item 2,Blends,20.37,28
2024-08-07,B-002,Blends item 2,Blends,20.37,28
2024-08-12,B-002,Blends item 2,Blends,20.37,19
2024-08-14,B-002,Blends item 2,Blends,20.37,19
2024-08-16,B-002,Blends item 2,Blends,20.37,19
2024-08-19,B-002,Blends item 2,Blends,20.37,48
2024-08-26,B-002,Blends item 2,Blends,20.37,45
2024-09-02,B-002,Blends item 2,Blends,20.37,19
2024-09-04,B-002,Blends item 2,Blends,20.37,19
2024-09-06,B-002,Blends item 2,Blends,20.37,19
2024-09-09,B-002,Blends item 2,Blends,20.37,18
2024-09-11,B-002,Blends item 2,Blends,20.37,18
2024-09-13,B-002,Blends item 2,Blends,20.37,17
2024-09-16,B-002,Blends item 2,Blends,20.37,17
2024-09-18,B-002,Blends item 2,Blends,20.37,16
2024-09-20,B-002,Blends item 2,Blends,20.37,16
2024-09-23,B-002,Blends item 2,Blends,20.37,19
2024-09-25,B-002,Blends item 2,Blends,20.37,19
2024-09-27,B-002,Blends item 2,Blends,20.37,18
2024-09-30,B-002,Blends item 2,Blends,20.37,29
2024-10-02,B-002,Blends item 2,Blends,20.37,28
2024-10-07,B-002,Blends item 2,Blends,20.37,30
2024-10-09,B-002,Blends item 2,Blends,20.37,29
2024-10-14,B-002,Blends item 2,Blends,20.37,60
2024-10-21,B-002,Blends item 2,Blends,20.37,34
2024-10-23,B-002,Blends item 2,Blends,20.37,33
2024-10-28,B-002,Blends item 2,Blends,20.37,38
2024-10-30,B-002,Blends item 2,Blends,20.37,38
2024-11-04,B-002,Blends item 2,Blends,20.37,60
2024-11-11,B-002,Blends item 2,Blends,16.38,72
2024-11-18,B-002,Blends item 2,Blends,17.62,18
2024-11-20,B-002,Blends item 2,Blends,17.62,18
2024-11-22,B-002,Blends item 2,Blends,17.62,17
2024-11-25,B-002,Blends item 2,Blends,20.37,45
2024-12-02,B-002,Blends item 2,Blends,20.37,15
2024-12-04,B-002,Blends item 2,Blends,20.37,14
2024-12-06,B-002,Blends item 2,Blends,20.37,14
2024-12-09,B-002,Blends item 2,Blends,20.37,14
2024-12-11,B-002,Blends item 2,Blends,20.37,14
2024-12-13,B-002,Blends item 2,Blends,20.37,13
2024-12-16,B-002,Blends item 2,Blends,23.18,15
2024-12-18,B-002,Blends item 2,Blends,23.18,15
2024-12-20,B-002,Blends item 2,Blends,23.18,15
2024-12-23,B-002,Blends item 2,Blends,23.18,75
2024-01-01,B-003,Blends item 3,Blends,7.39,32
2024-01-03,B-003,Blends item 3,Blends,7.39,31
2024-01-08,B-003,Blends item 3,Blends,10.35,45
2024-01-15,B-003,Blends item 3,Blends,8.71,73
2024-01-22,B-003,Blends item 3,Blends,10.35,38
2024-01-29,B-003,Blends item 3,Blends,10.35,23
2024-01-31,B-003,Blends item 3,Blends,10.35,23
2024-02-05,B-003,Blends item 3,Blends,10.35,47
2024-02-12,B-003,Blends item 3,Blends,9.36,30
2024-02-14,B-003,Blends item 3,Blends,9.36,30
2024-02-19,B-003,Blends item 3,Blends,9.36,21
2024-02-21,B-003,Blends item 3,Blends,9.36,21
2024-02-23,B-003,Blends item 3,Blends,9.36,21
2024-02-26,B-003,Blends item 3,Blends,9.36,87
2024-03-04,B-003,Blends item 3,Blends,6.60,26
2024-03-06,B-003,Blends item 3,Blends,6.60,25
2024-03-08,B-003,Blends item 3,Blends,6.60,25
2024-03-11,B-003,Blends item 3,Blends,9.36,48
2024-03-18,B-003,Blends item 3,Blends,9.36,24
2024-03-20,B-003,Blends item 3,Blends,9.36,24
2024-03-22,B-003,Blends item 3,Blends,9.36,24
2024-03-25,B-003,Blends item 3,Blends,9.36,19
2024-03-27,B-003,Blends item 3,Blends,9.36,18
2024-03-29,B-003,Blends item 3,Blends,9.36,18
2024-04-01,B-003,Blends item 3,Blends,9.36,65
2024-04-08,B-003,Blends item 3,Blends,7.87,22
2024-04-10,B-003,Blends item 3,Blends,7.87,22
2024-04-12,B-003,Blends item 3,Blends,7.87,21
2024-04-15,B-003,Blends item 3,Blends,9.36,38
2024-04-22,B-003,Blends item 3,Blends,9.36,20
2024-04-24,B-003,Blends item 3,Blends,9.36,20
2024-04-26,B-003,Blends item 3,Blends,9.36,19
2024-04-29,B-003,Blends item 3,Blends,9.36,19
2024-05-01,B-003,Blends item 3,Blends,9.36,18
2024-05-03,B-003,Blends item 3,Blends,9.36,18
2024-05-06,B-003,Blends item 3,Blends,9.36,37
2024-05-08,B-003,Blends item 3,Blends,9.36,37
2024-05-13,B-003,Blends item 3,Blends,9.36,61
2024-05-20,B-003,Blends item 3,Blends,9.36,26
2024-05-22,B-003,Blends item 3,Blends,9.36,25
2024-05-27,B-003,Blends item 3,Blends,9.36,25
2024-05-29,B-003,Blends item 3,Blends,9.36,25
2024-06-03,B-003,Blends item 3,Blends,9.36,14
2024-06-05,B-003,Blends item 3,Blends,9.36,14
2024-06-07,B-003,Blends item 3,Blends,9.36,14
2024-06-10,B-003,Blends item 3,Blends,9.36,17
2024-06-12,B-003,Blends item 3,Blends,9.36,17
2024-06-14,B-003,Blends item 3,Blends,9.36,17
2024-06-17,B-003,Blends item 3,Blends,9.36,14
2024-06-19,B-003,Blends item 3,Blends,9.36,14
2024-06-21,B-003,Blends item 3,Blends,9.36,13
2024-06-24,B-003,Blends item 3,Blends,9.36,30
2024-06-26,B-003,Blends item 3,Blends,9.36,30
2024-07-01,B-003,Blends item 3,Blends,9.36,18
2024-07-03,B-003,Blends item 3,Blends,9.36,17
2024-07-05,B-003,Blends item 3,Blends,9.36,17
2024-07-08,B-003,Blends item 3,Blends,9.36,20
2024-07-10,B-003,Blends item 3,Blends,9.36,20
2024-07-12,B-003,Blends item 3,Blends,9.36,20
2024-07-15,B-003,Blends item 3,Blends,7.26,25
2024-07-17,B-003,Blends item 3,Blends,7.26,24
2024-07-19,B-003,Blends item 3,Blends,7.26,24
2024-07-22,B-003,Blends item 3,Blends,9.36,64
2024-07-29,B-003,Blends item 3,Blends,9.36,28
2024-07-31,B-003,Blends item 3,Blends,9.36,27
2024-08-02,B-003,Blends item 3,Blends,9.36,27
2024-08-05,B-003,Blends item 3,Blends,9.36,34
2024-08-07,B-003,Blends item 3,Blends,9.36,34
2024-08-12,B-003,Blends item 3,Blends,7.49,69
2024-08-19,B-003,Blends item 3,Blends,9.36,22
2024-08-21,B-003,Blends item 3,Blends,9.36,22
2024-08-23,B-003,Blends item 3,Blends,9.36,22
2024-08-26,B-003,Blends item 3,Blends,9.36,19
2024-08-28,B-003,Blends item 3,Blends,9.36,18
2024-08-30,B-003,Blends item 3,Blends,9.36,18
2024-09-02,B-003,Blends item 3,Blends,6.80,31
2024-09-04,B-003,Blends item 3,Blends,6.80,31
2024-09-09,B-003,Blends item 3,Blends,10.35,18
2024-09-11,B-003,Blends item 3,Blends,10.35,18
2024-09-13,B-003,Blends item 3,Blends,10.35,17
2024-09-16,B-003,Blends item 3,Blends,10.61,47
2024-09-23,B-003,Blends item 3,Blends,9.75,19
2024-09-25,B-003,Blends item 3,Blends,9.75,19
2024-09-27,B-003,Blends item 3,Blends,9.75,18
2024-09-30,B-003,Blends item 3,Blends,10.72,24
2024-10-02,B-003,Blends item 3,Blends,10.72,23
2024-10-04,B-003,Blends item 3,Blends,10.72,23
2024-10-07,B-003,Blends item 3,Blends,12.10,30
2024-10-09,B-003,Blends item 3,Blends,12.10,29
2024-10-14,B-003,Blends item 3,Blends,12.10,15
2024-10-16,B-003,Blends item 3,Blends,12.10,14
2024-10-18,B-003,Blends item 3,Blends,12.10,14
2024-10-21,B-003,Blends item 3,Blends,12.10,29
2024-10-23,B-003,Blends item 3,Blends,12.10,28
2024-10-28,B-003,Blends item 3,Blends,12.10,40
2024-11-04,B-003,Blends item 3,Blends,12.10,18
2024-11-06,B-003,Blends item 3,Blends,12.10,17
2024-11-08,B-003,Blends item 3,Blends,12.10,17
2024-11-11,B-003,Blends item 3,Blends,12.10,29
2024-11-13,B-003,Blends item 3,Blends,12.10,28
2024-11-18,B-003,Blends item 3,Blends,9.19,24
2024-11-20,B-003,Blends item 3,Blends,9.19,23
2024-11-22,B-003,Blends item 3,Blends,9.19,23
2024-11-25,B-003,Blends item 3,Blends,12.10,15
2024-11-27,B-003,Blends item 3,Blends,12.10,14
2024-11-29,B-003,Blends item 3,Blends,12.10,14
2024-12-02,B-003,Blends item 3,Blends,12.10,40
2024-12-09,B-003,Blends item 3,Blends,9.99,58
2024-12-16,B-003,Blends item 3,Blends,12.10,22
2024-12-18,B-003,Blends item 3,Blends,12.10,22
2024-12-23,B-003,Blends item 3,Blends,12.10,33
2024-12-25,B-003,Blends item 3,Blends,12.10,32
2024-01-01,B-004,Blends item 4,Blends,9.53,28
2024-01-08,B-004,Blends item 4,Blends,11.74,14
2024-01-10,B-004,Blends item 4,Blends,11.74,13
2024-01-15,B-004,Blends item 4,Blends,11.74,10
2024-01-17,B-004,Blends item 4,Blends,11.74,10
2024-01-22,B-004,Blends item 4,Blends,11.74,22
2024-01-29,B-004,Blends item 4,Blends,11.74,21
2024-02-05,B-004,Blends item 4,Blends,11.74,9
2024-02-07,B-004,Blends item 4,Blends,11.74,9
2024-02-12,B-004,Blends item 4,Blends,11.74,20
2024-02-19,B-004,Blends item 4,Blends,11.74,17
2024-02-26,B-004,Blends item 4,Blends,9.49,11
2024-02-28,B-004,Blends item 4,Blends,9.49,11
2024-03-01,B-004,Blends item 4,Blends,9.49,10
2024-03-04,B-004,Blends item 4,Blends,11.74,31
2024-03-11,B-004,Blends item 4,Blends,11.74,14
2024-03-18,B-004,Blends item 4,Blends,11.74,6
2024-03-20,B-004,Blends item 4,Blends,11.74,6
2024-03-22,B-004,Blends item 4,Blends,11.74,6
2024-03-25,B-004,Blends item 4,Blends,11.74,8
2024-03-27,B-004,Blends item 4,Blends,11.74,7
2024-04-01,B-004,Blends item 4,Blends,11.74,15
2024-04-03,B-004,Blends item 4,Blends,11.74,14
2024-04-08,B-004,Blends item 4,Blends,11.87,12
2024-04-10,B-004,Blends item 4,Blends,11.87,11
2024-04-15,B-004,Blends item 4,Blends,11.87,13
2024-04-17,B-004,Blends item 4,Blends,11.87,12
2024-04-22,B-004,Blends item 4,Blends,11.06,14
2024-04-24,B-004,Blends item 4,Blends,11.06,14
2024-04-29,B-004,Blends item 4,Blends,13.47,7
2024-05-01,B-004,Blends item 4,Blends,13.47,7
2024-05-03,B-004,Blends item 4,Blends,13.47,6
2024-05-06,B-004,Blends item 4,Blends,13.47,6
2024-05-08,B-004,Blends item 4,Blends,13.47,6
2024-05-10,B-004,Blends item 4,Blends,13.47,6
2024-05-13,B-004,Blends item 4,Blends,13.47,22
2024-05-20,B-004,Blends item 4,Blends,13.47,11
2024-05-22,B-004,Blends item 4,Blends,13.47,11
2024-05-27,B-004,Blends item 4,Blends,13.47,18
2024-05-29,B-004,Blends item 4,Blends,13.47,18
2024-06-03,B-004,Blends item 4,Blends,13.47,13
2024-06-05,B-004,Blends item 4,Blends,13.47,12
2024-06-10,B-004,Blends item 4,Blends,13.47,8
2024-06-12,B-004,Blends item 4,Blends,13.47,8
2024-06-14,B-004,Blends item 4,Blends,13.47,8
2024-06-17,B-004,Blends item 4,Blends,11.11,10
2024-06-19,B-004,Blends item 4,Blends,11.11,9
2024-06-24,B-004,Blends item 4,Blends,13.47,11
2024-06-26,B-004,Blends item 4,Blends,13.47,10
2024-07-01,B-004,Blends item 4,Blends,13.47,17
2024-07-08,B-004,Blends item 4,Blends,13.47,8
2024-07-10,B-004,Blends item 4,Blends,13.47,8
2024-07-12,B-004,Blends item 4,Blends,13.47,8
2024-07-15,B-004,Blends item 4,Blends,13.47,19
2024-07-22,B-004,Blends item 4,Blends,13.47,6
2024-07-24,B-004,Blends item 4,Blends,13.47,6
2024-07-26,B-004,Blends item 4,Blends,13.47,6
2024-07-29,B-004,Blends item 4,Blends,13.47,14
2024-07-31,B-004,Blends item 4,Blends,13.47,13
2024-08-05,B-004,Blends item 4,Blends,13.47,6
2024-08-07,B-004,Blends item 4,Blends,13.47,5
2024-08-09,B-004,Blends item 4,Blends,13.47,5
2024-08-12,B-004,Blends item 4,Blends,13.47,8
2024-08-14,B-004,Blends item 4,Blends,13.47,7
2024-08-16,B-004,Blends item 4,Blends,13.47,7
2024-08-19,B-004,Blends item 4,Blends,10.17,9
2024-08-21,B-004,Blends item 4,Blends,10.17,9
2024-08-23,B-004,Blends item 4,Blends,10.17,9
2024-08-26,B-004,Blends item 4,Blends,9.67,13
2024-08-28,B-004,Blends item 4,Blends,9.67,13
2024-08-30,B-004,Blends item 4,Blends,9.67,12
2024-09-02,B-004,Blends item 4,Blends,13.47,11
2024-09-04,B-004,Blends item 4,Blends,13.47,11
2024-09-09,B-004,Blends item 4,Blends,13.47,32
2024-09-16,B-004,Blends item 4,Blends,13.47,9
2024-09-18,B-004,Blends item 4,Blends,13.47,9
2024-09-23,B-004,Blends item 4,Blends,13.47,18
2024-09-30,B-004,Blends item 4,Blends,13.47,9
2024-10-02,B-004,Blends item 4,Blends,13.47,8
2024-10-04,B-004,Blends item 4,Blends,13.47,8
2024-10-07,B-004,Blends item 4,Blends,13.47,13
2024-10-09,B-004,Blends item 4,Blends,13.47,13
2024-10-14,B-004,Blends item 4,Blends,13.47,7
2024-10-16,B-004,Blends item 4,Blends,13.47,6
2024-10-21,B-004,Blends item 4,Blends,13.47,14
2024-10-28,B-004,Blends item 4,Blends,13.47,10
2024-10-30,B-004,Blends item 4,Blends,13.47,10
2024-11-04,B-004,Blends item 4,Blends,13.47,18
2024-11-11,B-004,Blends item 4,Blends,10.66,5
2024-11-13,B-004,Blends item 4,Blends,10.66,5
2024-11-15,B-004,Blends item 4,Blends,10.66,5
2024-11-18,B-004,Blends item 4,Blends,13.47,21
2024-11-25,B-004,Blends item 4,Blends,13.47,8
2024-11-27,B-004,Blends item 4,Blends,13.47,8
2024-12-02,B-004,Blends item 4,Blends,13.47,7
2024-12-04,B-004,Blends item 4,Blends,13.47,7
2024-12-06,B-004,Blends item 4,Blends,13.47,7
2024-12-09,B-004,Blends item 4,Blends,13.47,33
2024-12-16,B-004,Blends item 4,Blends,13.47,16
2024-12-23,B-004,Blends item 4,Blends,13.47,17
2024-01-01,B-005,Blends item 5,Blends,5.01,14
2024-01-03,B-005,Blends item 5,Blends,5.01,14
2024-01-05,B-005,Blends item 5,Blends,5.01,14
2024-01-08,B-005,Blends item 5,Blends,7.03,38
2024-01-15,B-005,Blends item 5,Blends,7.03,45
2024-01-22,B-005,Blends item 5,Blends,7.03,31
2024-01-29,B-005,Blends item 5,Blends,4.93,70
2024-02-05,B-005,Blends item 5,Blends,7.03,24
2024-02-07,B-005,Blends item 5,Blends,7.03,23
2024-02-12,B-005,Blends item 5,Blends,7.03,14
2024-02-14,B-005,Blends item 5,Blends,7.03,14
2024-02-16,B-005,Blends item 5,Blends,7.03,14
2024-02-19,B-005,Blends item 5,Blends,7.03,33
2024-02-26,B-005,Blends item 5,Blends,7.03,30
2024-03-04,B-005,Blends item 5,Blends,5.76,41
2024-03-11,B-005,Blends item 5,Blends,7.03,13
2024-03-13,B-005,Blends item 5,Blends,7.03,12
2024-03-15,B-005,Blends item 5,Blends,7.03,12
2024-03-18,B-005,Blends item 5,Blends,7.03,27
2024-03-20,B-005,Blends item 5,Blends,7.03,27
2024-03-25,B-005,Blends item 5,Blends,5.82,56
2024-04-01,B-005,Blends item 5,Blends,5.46,21
2024-04-03,B-005,Blends item 5,Blends,5.46,20
2024-04-08,B-005,Blends item 5,Blends,7.03,54
2024-04-15,B-005,Blends item 5,Blends,7.03,14
2024-04-17,B-005,Blends item 5,Blends,7.03,14
2024-04-19,B-005,Blends item 5,Blends,7.03,14
2024-04-22,B-005,Blends item 5,Blends,7.03,15
2024-04-24,B-005,Blends item 5,Blends,7.03,15
2024-04-26,B-005,Blends item 5,Blends,7.03,15
2024-04-29,B-005,Blends item 5,Blends,7.03,39
2024-05-06,B-005,Blends item 5,Blends,7.03,25
2024-05-08,B-005,Blends item 5,Blends,7.03,25
2024-05-13,B-005,Blends item 5,Blends,7.03,18
2024-05-15,B-005,Blends item 5,Blends,7.03,17
2024-05-20,B-005,Blends item 5,Blends,7.03,17
2024-05-22,B-005,Blends item 5,Blends,7.03,16
2024-05-27,B-005,Blends item 5,Blends,7.03,10
2024-05-29,B-005,Blends item 5,Blends,7.03,10
2024-05-31,B-005,Blends item 5,Blends,7.03,10
2024-06-03,B-005,Blends item 5,Blends,7.03,33
2024-06-10,B-005,Blends item 5,Blends,7.03,29
2024-06-17,B-005,Blends item 5,Blends,7.03,8
2024-06-19,B-005,Blends item 5,Blends,7.03,8
2024-06-21,B-005,Blends item 5,Blends,7.03,8
2024-06-24,B-005,Blends item 5,Blends,5.52,33
2024-07-01,B-005,Blends item 5,Blends,7.03,26
2024-07-03,B-005,Blends item 5,Blends,7.03,26
2024-07-08,B-005,Blends item 5,Blends,7.03,16
2024-07-10,B-005,Blends item 5,Blends,7.03,15
2024-07-15,B-005,Blends item 5,Blends,7.03,12
2024-07-17,B-005,Blends item 5,Blends,7.03,11
2024-07-22,B-005,Blends item 5,Blends,5.10,44
2024-07-29,B-005,Blends item 5,Blends,7.03,26
2024-07-31,B-005,Blends item 5,Blends,7.03,26
2024-08-05,B-005,Blends item 5,Blends,7.03,11
2024-08-07,B-005,Blends item 5,Blends,7.03,10
2024-08-09,B-005,Blends item 5,Blends,7.03,10
2024-08-12,B-005,Blends item 5,Blends,7.03,19
2024-08-14,B-005,Blends item 5,Blends,7.03,19
2024-08-19,B-005,Blends item 5,Blends,7.03,13
2024-08-21,B-005,Blends item 5,Blends,7.03,13
2024-08-23,B-005,Blends item 5,Blends,7.03,13
2024-08-26,B-005,Blends item 5,Blends,7.03,39
2024-09-02,B-005,Blends item 5,Blends,7.03,24
2024-09-04,B-005,Blends item 5,Blends,7.03,24
2024-09-09,B-005,Blends item 5,Blends,7.03,14
2024-09-11,B-005,Blends item 5,Blends,7.03,14
2024-09-13,B-005,Blends item 5,Blends,7.03,13
2024-09-16,B-005,Blends item 5,Blends,7.03,21
2024-09-18,B-005,Blends item 5,Blends,7.03,20
2024-09-23,B-005,Blends item 5,Blends,6.80,56
2024-09-30,B-005,Blends item 5,Blends,8.25,8
2024-10-02,B-005,Blends item 5,Blends,8.25,8
2024-10-04,B-005,Blends item 5,Blends,8.25,8
2024-10-07,B-005,Blends item 5,Blends,8.25,20
2024-10-09,B-005,Blends item 5,Blends,8.25,20
2024-10-14,B-005,Blends item 5,Blends,8.25,13
2024-10-16,B-005,Blends item 5,Blends,8.25,12
2024-10-21,B-005,Blends item 5,Blends,8.25,31
2024-10-28,B-005,Blends item 5,Blends,7.68,24
2024-11-04,B-005,Blends item 5,Blends,7.37,13
2024-11-06,B-005,Blends item 5,Blends,7.37,13
2024-11-08,B-005,Blends item 5,Blends,7.37,13
2024-11-11,B-005,Blends item 5,Blends,9.13,27
2024-11-18,B-005,Blends item 5,Blends,9.13,16
2024-11-20,B-005,Blends item 5,Blends,9.13,16
2024-11-25,B-005,Blends item 5,Blends,9.13,15
2024-11-27,B-005,Blends item 5,Blends,9.13,14
2024-12-02,B-005,Blends item 5,Blends,7.79,14
2024-12-04,B-005,Blends item 5,Blends,7.79,13
2024-12-06,B-005,Blends item 5,Blends,7.79,13
2024-12-09,B-005,Blends item 5,Blends,9.13,13
2024-12-11,B-005,Blends item 5,Blends,9.13,13
2024-12-13,B-005,Blends item 5,Blends,9.13,12
2024-12-16,B-005,Blends item 5,Blends,9.13,8
2024-12-18,B-005,Blends item 5,Blends,9.13,8
2024-12-20,B-005,Blends item 5,Blends,9.13,7
2024-12-23,B-005,Blends item 5,Blends,9.13,26
2024-01-01,B-006,Blends item 6,Blends,18.13,16
2024-01-03,B-006,Blends item 6,Blends,18.13,16
2024-01-08,B-006,Blends item 6,Blends,18.13,16
2024-01-10,B-006,Blends item 6,Blends,18.13,15
2024-01-15,B-006,Blends item 6,Blends,18.13,20
2024-01-17,B-006,Blends item 6,Blends,18.13,19
2024-01-22,B-006,Blends item 6,Blends,18.13,28
2024-01-29,B-006,Blends item 6,Blends,18.13,20
2024-01-31,B-006,Blends item 6,Blends,18.13,20
2024-02-05,B-006,Blends item 6,Blends,18.13,33
2024-02-12,B-006,Blends item 6,Blends,18.13,23
2024-02-19,B-006,Blends item 6,Blends,18.13,25
2024-02-26,B-006,Blends item 6,Blends,13.12,54
2024-03-04,B-006,Blends item 6,Blends,18.13,12
2024-03-06,B-006,Blends item 6,Blends,18.13,12
2024-03-11,B-006,Blends item 6,Blends,18.13,18
2024-03-13,B-006,Blends item 6,Blends,18.13,17
2024-03-18,B-006,Blends item 6,Blends,14.22,15
2024-03-20,B-006,Blends item 6,Blends,14.22,14
2024-03-22,B-006,Blends item 6,Blends,14.22,14
2024-03-25,B-006,Blends item 6,Blends,18.13,15
2024-03-27,B-006,Blends item 6,Blends,18.13,14
2024-04-01,B-006,Blends item 6,Blends,15.93,10
2024-04-03,B-006,Blends item 6,Blends,15.93,10
2024-04-05,B-006,Blends item 6,Blends,15.93,10
2024-04-08,B-006,Blends item 6,Blends,18.13,22
2024-04-10,B-006,Blends item 6,Blends,18.13,21
2024-04-15,B-006,Blends item 6,Blends,18.13,11
2024-04-17,B-006,Blends item 6,Blends,18.13,10
2024-04-19,B-006,Blends item 6,Blends,18.13,10
2024-04-22,B-006,Blends item 6,Blends,18.13,22
2024-04-29,B-006,Blends item 6,Blends,18.13,13
2024-05-01,B-006,Blends item 6,Blends,18.13,13
2024-05-03,B-006,Blends item 6,Blends,18.13,12
2024-05-06,B-006,Blends item 6,Blends,18.13,18
2024-05-13,B-006,Blends item 6,Blends,18.13,13
2024-05-15,B-006,Blends item 6,Blends,18.13,13
2024-05-17,B-006,Blends item 6,Blends,18.13,12
2024-05-20,B-006,Blends item 6,Blends,18.13,15
2024-05-22,B-006,Blends item 6,Blends,18.13,15
2024-05-27,B-006,Blends item 6,Blends,18.13,13
2024-05-29,B-006,Blends item 6,Blends,18.13,13
2024-05-31,B-006,Blends item 6,Blends,18.13,13
2024-06-03,B-006,Blends item 6,Blends,18.13,28
2024-06-10,B-006,Blends item 6,Blends,13.39,14
2024-06-12,B-006,Blends item 6,Blends,13.39,14
2024-06-14,B-006,Blends item 6,Blends,13.39,13
2024-06-17,B-006,Blends item 6,Blends,18.13,49
2024-06-24,B-006,Blends item 6,Blends,14.44,14
2024-06-26,B-006,Blends item 6,Blends,14.44,14
2024-07-01,B-006,Blends item 6,Blends,18.13,9
2024-07-03,B-006,Blends item 6,Blends,18.13,8
2024-07-05,B-006,Blends item 6,Blends,18.13,8
2024-07-08,B-006,Blends item 6,Blends,18.13,36
2024-07-15,B-006,Blends item 6,Blends,13.40,16
2024-07-17,B-006,Blends item 6,Blends,13.40,16
2024-07-22,B-006,Blends item 6,Blends,14.45,48
2024-07-29,B-006,Blends item 6,Blends,17.55,31
2024-08-05,B-006,Blends item 6,Blends,17.55,11
2024-08-07,B-006,Blends item 6,Blends,17.55,11
2024-08-09,B-006,Blends item 6,Blends,17.55,11
2024-08-12,B-006,Blends item 6,Blends,17.55,34
2024-08-19,B-006,Blends item 6,Blends,17.55,10
2024-08-21,B-006,Blends item 6,Blends,17.55,9
2024-08-23,B-006,Blends item 6,Blends,17.55,9
2024-08-26,B-006,Blends item 6,Blends,17.55,20
2024-08-28,B-006,Blends item 6,Blends,17.55,19
2024-09-02,B-006,Blends item 6,Blends,17.55,7
2024-09-04,B-006,Blends item 6,Blends,17.55,7
2024-09-06,B-006,Blends item 6,Blends,17.55,7
2024-09-09,B-006,Blends item 6,Blends,17.55,17
2024-09-11,B-006,Blends item 6,Blends,17.55,17
2024-09-16,B-006,Blends item 6,Blends,12.81,11
2024-09-18,B-006,Blends item 6,Blends,12.81,11
2024-09-20,B-006,Blends item 6,Blends,12.81,10
2024-09-23,B-006,Blends item 6,Blends,17.55,19
2024-09-25,B-006,Blends item 6,Blends,17.55,19
2024-09-30,B-006,Blends item 6,Blends,17.55,19
2024-10-02,B-006,Blends item 6,Blends,17.55,19
2024-10-07,B-006,Blends item 6,Blends,17.55,35
2024-10-14,B-006,Blends item 6,Blends,17.55,31
2024-10-21,B-006,Blends item 6,Blends,17.55,20
2024-10-23,B-006,Blends item 6,Blends,17.55,20
2024-10-28,B-006,Blends item 6,Blends,17.55,5
2024-10-30,B-006,Blends item 6,Blends,17.55,5
2024-11-01,B-006,Blends item 6,Blends,17.55,5
2024-11-04,B-006,Blends item 6,Blends,17.55,27
2024-11-11,B-006,Blends item 6,Blends,14.53,17
2024-11-13,B-006,Blends item 6,Blends,14.53,16
2024-11-18,B-006,Blends item 6,Blends,14.04,11
2024-11-20,B-006,Blends item 6,Blends,14.04,11
2024-11-25,B-006,Blends item 6,Blends,17.55,10
2024-11-27,B-006,Blends item 6,Blends,17.55,9
2024-11-29,B-006,Blends item 6,Blends,17.55,9
2024-12-02,B-006,Blends item 6,Blends,14.83,35
2024-12-09,B-006,Blends item 6,Blends,17.55,37
2024-12-16,B-006,Blends item 6,Blends,17.55,34
2024-12-23,B-006,Blends item 6,Blends,17.55,8
2024-12-25,B-006,Blends item 6,Blends,17.55,7
2024-12-27,B-006,Blends item 6,Blends,17.55,7
2024-01-01,B-007,Blends item 7,Blends,25.38,12
2024-01-03,B-007,Blends item 7,Blends,25.38,11
2024-01-08,B-007,Blends item 7,Blends,25.38,12
2024-01-10,B-007,Blends item 7,Blends,25.38,11
2024-01-15,B-007,Blends item 7,Blends,25.38,7
2024-01-17,B-007,Blends item 7,Blends,25.38,6
2024-01-19,B-007,Blends item 7,Blends,25.38,6
2024-01-22,B-007,Blends item 7,Blends,25.38,19
2024-01-29,B-007,Blends item 7,Blends,25.38,5
2024-01-31,B-007,Blends item 7,Blends,25.38,5
2024-02-02,B-007,Blends item 7,Blends,25.38,4
2024-02-05,B-007,Blends item 7,Blends,25.38,10
2024-02-07,B-007,Blends item 7,Blends,25.38,10
2024-02-12,B-007,Blends item 7,Blends,25.38,18
2024-02-19,B-007,Blends item 7,Blends,25.38,14
2024-02-26,B-007,Blends item 7,Blends,25.38,7
2024-02-28,B-007,Blends item 7,Blends,25.38,6
2024-03-01,B-007,Blends item 7,Blends,25.38,6
2024-03-04,B-007,Blends item 7,Blends,25.38,18
2024-03-11,B-007,Blends item 7,Blends,18.40,9
2024-03-13,B-007,Blends item 7,Blends,18.40,8
2024-03-18,B-007,Blends item 7,Blends,23.37,14
2024-03-25,B-007,Blends item 7,Blends,26.77,5
2024-03-27,B-007,Blends item 7,Blends,26.77,5
2024-03-29,B-007,Blends item 7,Blends,26.77,4
2024-04-01,B-007,Blends item 7,Blends,22.45,6
2024-04-03,B-007,Blends item 7,Blends,22.45,5
2024-04-05,B-007,Blends item 7,Blends,22.45,5
2024-04-08,B-007,Blends item 7,Blends,26.77,8
2024-04-10,B-007,Blends item 7,Blends,26.77,7
2024-04-15,B-007,Blends item 7,Blends,26.77,5
2024-04-17,B-007,Blends item 7,Blends,26.77,4
2024-04-19,B-007,Blends item 7,Blends,26.77,4
2024-04-22,B-007,Blends item 7,Blends,26.77,7
2024-04-24,B-007,Blends item 7,Blends,26.77,7
2024-04-29,B-007,Blends item 7,Blends,26.77,4
2024-05-01,B-007,Blends item 7,Blends,26.77,4
2024-05-03,B-007,Blends item 7,Blends,26.77,3
2024-05-06,B-007,Blends item 7,Blends,26.77,16
2024-05-13,B-007,Blends item 7,Blends,21.00,5
2024-05-15,B-007,Blends item 7,Blends,21.00,5
2024-05-17,B-007,Blends item 7,Blends,21.00,4
2024-05-20,B-007,Blends item 7,Blends,26.77,7
2024-05-22,B-007,Blends item 7,Blends,26.77,7
2024-05-27,B-007,Blends item 7,Blends,26.77,6
2024-05-29,B-007,Blends item 7,Blends,26.77,6
2024-05-31,B-007,Blends item 7,Blends,26.77,6
2024-06-03,B-007,Blends item 7,Blends,26.77,6
2024-06-05,B-007,Blends item 7,Blends,26.77,5
2024-06-07,B-007,Blends item 7,Blends,26.77,5
2024-06-10,B-007,Blends item 7,Blends,26.77,4
2024-06-12,B-007,Blends item 7,Blends,26.77,3
2024-06-14,B-007,Blends item 7,Blends,26.77,3
2024-06-17,B-007,Blends item 7,Blends,19.90,10
2024-06-24,B-007,Blends item 7,Blends,26.77,13
2024-07-01,B-007,Blends item 7,Blends,26.77,6
2024-07-03,B-007,Blends item 7,Blends,26.77,5
2024-07-05,B-007,Blends item 7,Blends,26.77,5
2024-07-08,B-007,Blends item 7,Blends,26.77,5
2024-07-10,B-007,Blends item 7,Blends,26.77,4
2024-07-15,B-007,Blends item 7,Blends,19.48,19
2024-07-22,B-007,Blends item 7,Blends,26.77,6
2024-07-24,B-007,Blends item 7,Blends,26.77,6
2024-07-26,B-007,Blends item 7,Blends,26.77,5
2024-07-29,B-007,Blends item 7,Blends,26.77,3
2024-07-31,B-007,Blends item 7,Blends,26.77,2
2024-08-02,B-007,Blends item 7,Blends,26.77,2
2024-08-05,B-007,Blends item 7,Blends,26.77,5
2024-08-07,B-007,Blends item 7,Blends,26.77,4
2024-08-09,B-007,Blends item 7,Blends,26.77,4
2024-08-12,B-007,Blends item 7,Blends,26.77,8
2024-08-14,B-007,Blends item 7,Blends,26.77,7
2024-08-19,B-007,Blends item 7,Blends,26.77,8
2024-08-21,B-007,Blends item 7,Blends,26.77,7
2024-08-26,B-007,Blends item 7,Blends,26.77,5
2024-08-28,B-007,Blends item 7,Blends,26.77,5
2024-08-30,B-007,Blends item 7,Blends,26.77,5
2024-09-02,B-007,Blends item 7,Blends,26.77,11
2024-09-04,B-007,Blends item 7,Blends,26.77,11
2024-09-09,B-007,Blends item 7,Blends,22.34,10
2024-09-11,B-007,Blends item 7,Blends,22.34,9
2024-09-16,B-007,Blends item 7,Blends,26.77,11
2024-09-18,B-007,Blends item 7,Blends,26.77,11
2024-09-23,B-007,Blends item 7,Blends,26.77,14
2024-09-30,B-007,Blends item 7,Blends,26.77,6
2024-10-02,B-007,Blends item 7,Blends,26.77,5
2024-10-07,B-007,Blends item 7,Blends,20.58,7
2024-10-09,B-007,Blends item 7,Blends,20.58,7
2024-10-14,B-007,Blends item 7,Blends,26.77,8
2024-10-16,B-007,Blends item 7,Blends,26.77,8
2024-10-21,B-007,Blends item 7,Blends,26.77,8
2024-10-23,B-007,Blends item 7,Blends,26.77,7
2024-10-28,B-007,Blends item 7,Blends,26.77,16
2024-11-04,B-007,Blends item 7,Blends,26.77,18
2024-11-11,B-007,Blends item 7,Blends,26.77,10
2024-11-13,B-007,Blends item 7,Blends,26.77,9
2024-11-18,B-007,Blends item 7,Blends,26.77,5
2024-11-20,B-007,Blends item 7,Blends,26.77,5
2024-11-22,B-007,Blends item 7,Blends,26.77,4
2024-11-25,B-007,Blends item 7,Blends,26.77,7
2024-11-27,B-007,Blends item 7,Blends,26.77,6
2024-11-29,B-007,Blends item 7,Blends,26.77,6
2024-12-02,B-007,Blends item 7,Blends,26.77,11
2024-12-04,B-007,Blends item 7,Blends,26.77,10
2024-12-09,B-007,Blends item 7,Blends,26.77,6
2024-12-11,B-007,Blends item 7,Blends,26.77,5
2024-12-13,B-007,Blends item 7,Blends,26.77,5
2024-12-16,B-007,Blends item 7,Blends,26.77,9
2024-12-18,B-007,Blends item 7,Blends,26.77,8
2024-12-23,B-007,Blends item 7,Blends,19.39,5
2024-12-25,B-007,Blends item 7,Blends,19.39,4
2024-12-27,B-007,Blends item 7,Blends,19.39,4
2024-01-01,B-008,Blends item 8,Blends,27.75,6
2024-01-03,B-008,Blends item 8,Blends,27.75,6
2024-01-05,B-008,Blends item 8,Blends,27.75,5
2024-01-08,B-008,Blends item 8,Blends,27.75,9
2024-01-10,B-008,Blends item 8,Blends,27.75,8
2024-01-12,B-008,Blends item 8,Blends,27.75,8
2024-01-15,B-008,Blends item 8,Blends,20.15,36
2024-01-22,B-008,Blends item 8,Blends,27.75,34
2024-01-29,B-008,Blends item 8,Blends,27.75,8
2024-01-31,B-008,Blends item 8,Blends,27.75,8
2024-02-02,B-008,Blends item 8,Blends,27.75,8
2024-02-05,B-008,Blends item 8,Blends,27.75,9
2024-02-07,B-008,Blends item 8,Blends,27.75,8
2024-02-09,B-008,Blends item 8,Blends,27.75,8
2024-02-12,B-008,Blends item 8,Blends,27.75,48
2024-02-19,B-008,Blends item 8,Blends,27.75,32
2024-02-26,B-008,Blends item 8,Blends,27.75,11
2024-02-28,B-008,Blends item 8,Blends,27.75,11
2024-03-01,B-008,Blends item 8,Blends,27.75,11
2024-03-04,B-008,Blends item 8,Blends,27.75,24
2024-03-11,B-008,Blends item 8,Blends,27.75,29
2024-03-18,B-008,Blends item 8,Blends,19.96,17
2024-03-20,B-008,Blends item 8,Blends,19.96,17
2024-03-22,B-008,Blends item 8,Blends,19.96,16
2024-03-25,B-008,Blends item 8,Blends,27.75,12
2024-03-27,B-008,Blends item 8,Blends,27.75,12
2024-03-29,B-008,Blends item 8,Blends,27.75,12
2024-04-01,B-008,Blends item 8,Blends,27.75,14
2024-04-03,B-008,Blends item 8,Blends,27.75,13
2024-04-08,B-008,Blends item 8,Blends,27.75,24
2024-04-15,B-008,Blends item 8,Blends,27.75,21
2024-04-17,B-008,Blends item 8,Blends,27.75,20
2024-04-22,B-008,Blends item 8,Blends,20.91,17
2024-04-24,B-008,Blends item 8,Blends,20.91,17
2024-04-29,B-008,Blends item 8,Blends,24.38,14
2024-05-01,B-008,Blends item 8,Blends,24.38,14
2024-05-03,B-008,Blends item 8,Blends,24.38,14
2024-05-06,B-008,Blends item 8,Blends,27.75,15
2024-05-08,B-008,Blends item 8,Blends,27.75,14
2024-05-10,B-008,Blends item 8,Blends,27.75,14
2024-05-13,B-008,Blends item 8,Blends,27.75,15
2024-05-15,B-008,Blends item 8,Blends,27.75,15
2024-05-20,B-008,Blends item 8,Blends,27.75,35
2024-05-27,B-008,Blends item 8,Blends,24.81,36
2024-06-03,B-008,Blends item 8,Blends,27.75,36
2024-06-10,B-008,Blends item 8,Blends,27.75,10
2024-06-12,B-008,Blends item 8,Blends,27.75,10
2024-06-14,B-008,Blends item 8,Blends,27.75,9
2024-06-17,B-008,Blends item 8,Blends,27.75,13
2024-06-19,B-008,Blends item 8,Blends,27.75,12
2024-06-21,B-008,Blends item 8,Blends,27.75,12
2024-06-24,B-008,Blends item 8,Blends,27.75,20
2024-06-26,B-008,Blends item 8,Blends,27.75,20
2024-07-01,B-008,Blends item 8,Blends,27.75,19
2024-07-03,B-008,Blends item 8,Blends,27.75,18
2024-07-08,B-008,Blends item 8,Blends,27.75,16
2024-07-10,B-008,Blends item 8,Blends,27.75,16
2024-07-15,B-008,Blends item 8,Blends,27.75,11
2024-07-17,B-008,Blends item 8,Blends,27.75,11
2024-07-19,B-008,Blends item 8,Blends,27.75,11
2024-07-22,B-008,Blends item 8,Blends,27.75,25
2024-07-29,B-008,Blends item 8,Blends,27.75,13
2024-07-31,B-008,Blends item 8,Blends,27.75,13
2024-08-02,B-008,Blends item 8,Blends,27.75,12
2024-08-05,B-008,Blends item 8,Blends,27.75,11
2024-08-07,B-008,Blends item 8,Blends,27.75,11
2024-08-12,B-008,Blends item 8,Blends,27.75,6
2024-08-14,B-008,Blends item 8,Blends,27.75,5
2024-08-16,B-008,Blends item 8,Blends,27.75,5
2024-08-19,B-008,Blends item 8,Blends,26.82,12
2024-08-21,B-008,Blends item 8,Blends,26.82,12
2024-08-23,B-008,Blends item 8,Blends,26.82,11
2024-08-26,B-008,Blends item 8,Blends,26.82,13
2024-08-28,B-008,Blends item 8,Blends,26.82,13
2024-09-02,B-008,Blends item 8,Blends,26.82,14
2024-09-04,B-008,Blends item 8,Blends,26.82,14
2024-09-06,B-008,Blends item 8,Blends,26.82,14
2024-09-09,B-008,Blends item 8,Blends,26.82,9
2024-09-11,B-008,Blends item 8,Blends,26.82,9
2024-09-13,B-008,Blends item 8,Blends,26.82,9
2024-09-16,B-008,Blends item 8,Blends,26.82,37
2024-09-23,B-008,Blends item 8,Blends,26.82,18
2024-09-25,B-008,Blends item 8,Blends,26.82,17
2024-09-30,B-008,Blends item 8,Blends,26.82,28
2024-10-07,B-008,Blends item 8,Blends,26.82,33
2024-10-14,B-008,Blends item 8,Blends,26.82,19
2024-10-16,B-008,Blends item 8,Blends,26.82,18
2024-10-21,B-008,Blends item 8,Blends,22.26,11
2024-10-23,B-008,Blends item 8,Blends,22.26,10
2024-10-25,B-008,Blends item 8,Blends,22.26,10
2024-10-28,B-008,Blends item 8,Blends,26.82,10
2024-10-30,B-008,Blends item 8,Blends,26.82,10
2024-11-01,B-008,Blends item 8,Blends,26.82,10
2024-11-04,B-008,Blends item 8,Blends,20.96,14
2024-11-06,B-008,Blends item 8,Blends,20.96,14
2024-11-08,B-008,Blends item 8,Blends,20.96,14
2024-11-11,B-008,Blends item 8,Blends,20.33,19
2024-11-13,B-008,Blends item 8,Blends,20.33,19
2024-11-15,B-008,Blends item 8,Blends,20.33,19
2024-11-18,B-008,Blends item 8,Blends,20.29,17
2024-11-20,B-008,Blends item 8,Blends,20.29,17
2024-11-25,B-008,Blends item 8,Blends,26.82,11
2024-11-27,B-008,Blends item 8,Blends,26.82,10
2024-11-29,B-008,Blends item 8,Blends,26.82,10
2024-12-02,B-008,Blends item 8,Blends,26.82,27
2024-12-09,B-008,Blends item 8,Blends,26.82,7
2024-12-11,B-008,Blends item 8,Blends,26.82,7
2024-12-13,B-008,Blends item 8,Blends,26.82,6
2024-12-16,B-008,Blends item 8,Blends,26.82,17
2024-12-18,B-008,Blends item 8,Blends,26.82,16
2024-12-23,B-008,Blends item 8,Blends,26.82,13
2024-01-01,B-009,Blends item 9,Blends,10.14,16
2024-01-03,B-009,Blends item 9,Blends,10.14,16
2024-01-05,B-009,Blends item 9,Blends,10.14,15
2024-01-08,B-009,Blends item 9,Blends,10.14,15
2024-01-10,B-009,Blends item 9,Blends,10.14,15
2024-01-12,B-009,Blends item 9,Blends,10.14,15
2024-01-15,B-009,Blends item 9,Blends,10.14,21
2024-01-17,B-009,Blends item 9,Blends,10.14,20
2024-01-22,B-009,Blends item 9,Blends,10.14,44
2024-01-29,B-009,Blends item 9,Blends,10.14,27
2024-02-05,B-009,Blends item 9,Blends,10.14,20
2024-02-07,B-009,Blends item 9,Blends,10.14,19
2024-02-12,B-009,Blends item 9,Blends,10.14,26
2024-02-19,B-009,Blends item 9,Blends,10.14,20
2024-02-21,B-009,Blends item 9,Blends,10.14,20
2024-02-23,B-009,Blends item 9,Blends,10.14,20
2024-02-26,B-009,Blends item 9,Blends,10.14,16
2024-02-28,B-009,Blends item 9,Blends,10.14,15
2024-03-01,B-009,Blends item 9,Blends,10.14,15
2024-03-04,B-009,Blends item 9,Blends,10.14,14
2024-03-06,B-009,Blends item 9,Blends,10.14,13
2024-03-08,B-009,Blends item 9,Blends,10.14,13
2024-03-11,B-009,Blends item 9,Blends,10.14,33
2024-03-18,B-009,Blends item 9,Blends,10.14,62
2024-03-25,B-009,Blends item 9,Blends,10.14,15
2024-03-27,B-009,Blends item 9,Blends,10.14,15
2024-03-29,B-009,Blends item 9,Blends,10.14,14
2024-04-01,B-009,Blends item 9,Blends,10.14,48
2024-04-08,B-009,Blends item 9,Blends,7.80,37
2024-04-15,B-009,Blends item 9,Blends,10.07,13
2024-04-17,B-009,Blends item 9,Blends,10.07,13
2024-04-22,B-009,Blends item 9,Blends,10.07,42
2024-04-29,B-009,Blends item 9,Blends,10.07,34
2024-05-06,B-009,Blends item 9,Blends,7.36,13
2024-05-08,B-009,Blends item 9,Blends,7.36,13
2024-05-10,B-009,Blends item 9,Blends,7.36,12
2024-05-13,B-009,Blends item 9,Blends,10.07,25
2024-05-15,B-009,Blends item 9,Blends,10.07,25
2024-05-20,B-009,Blends item 9,Blends,10.07,35
2024-05-27,B-009,Blends item 9,Blends,10.07,16
2024-05-29,B-009,Blends item 9,Blends,10.07,15
2024-06-03,B-009,Blends item 9,Blends,10.07,29
2024-06-10,B-009,Blends item 9,Blends,10.07,30
2024-06-12,B-009,Blends item 9,Blends,10.07,29
2024-06-17,B-009,Blends item 9,Blends,7.64,19
2024-06-19,B-009,Blends item 9,Blends,7.64,19
2024-06-24,B-009,Blends item 9,Blends,7.78,18
2024-06-26,B-009,Blends item 9,Blends,7.78,17
2024-07-01,B-009,Blends item 9,Blends,10.07,31
2024-07-08,B-009,Blends item 9,Blends,7.68,14
2024-07-10,B-009,Blends item 9,Blends,7.68,13
2024-07-15,B-009,Blends item 9,Blends,10.07,20
2024-07-17,B-009,Blends item 9,Blends,10.07,20
2024-07-22,B-009,Blends item 9,Blends,10.07,10
2024-07-24,B-009,Blends item 9,Blends,10.07,10
2024-07-26,B-009,Blends item 9,Blends,10.07,9
2024-07-29,B-009,Blends item 9,Blends,9.76,12
2024-07-31,B-009,Blends item 9,Blends,9.76,11
2024-08-02,B-009,Blends item 9,Blends,9.76,11
2024-08-05,B-009,Blends item 9,Blends,9.76,42
2024-08-12,B-009,Blends item 9,Blends,9.76,21
2024-08-14,B-009,Blends item 9,Blends,9.76,21
2024-08-19,B-009,Blends item 9,Blends,9.76,51
2024-08-26,B-009,Blends item 9,Blends,7.68,45
2024-09-02,B-009,Blends item 9,Blends,9.76,50
2024-09-09,B-009,Blends item 9,Blends,7.43,31
2024-09-11,B-009,Blends item 9,Blends,7.43,30
2024-09-16,B-009,Blends item 9,Blends,9.76,10
2024-09-18,B-009,Blends item 9,Blends,9.76,9
2024-09-20,B-009,Blends item 9,Blends,9.76,9
2024-09-23,B-009,Blends item 9,Blends,9.76,11
2024-09-25,B-009,Blends item 9,Blends,9.76,11
2024-09-27,B-009,Blends item 9,Blends,9.76,10
2024-09-30,B-009,Blends item 9,Blends,9.76,42
2024-10-07,B-009,Blends item 9,Blends,9.76,34
2024-10-14,B-009,Blends item 9,Blends,9.76,42
2024-10-21,B-009,Blends item 9,Blends,9.76,9
2024-10-23,B-009,Blends item 9,Blends,9.76,8
2024-10-25,B-009,Blends item 9,Blends,9.76,8
2024-10-28,B-009,Blends item 9,Blends,11.62,18
2024-10-30,B-009,Blends item 9,Blends,11.62,18
2024-11-04,B-009,Blends item 9,Blends,8.39,17
2024-11-06,B-009,Blends item 9,Blends,8.39,17
2024-11-08,B-009,Blends item 9,Blends,8.39,17
2024-11-11,B-009,Blends item 9,Blends,9.95,39
2024-11-18,B-009,Blends item 9,Blends,11.62,15
2024-11-20,B-009,Blends item 9,Blends,11.62,15
2024-11-22,B-009,Blends item 9,Blends,11.62,15
2024-11-25,B-009,Blends item 9,Blends,11.62,16
2024-11-27,B-009,Blends item 9,Blends,11.62,16
2024-12-02,B-009,Blends item 9,Blends,11.62,21
2024-12-04,B-009,Blends item 9,Blends,11.62,20
2024-12-09,B-009,Blends item 9,Blends,9.58,35
2024-12-16,B-009,Blends item 9,Blends,11.62,18
2024-12-18,B-009,Blends item 9,Blends,11.62,17
2024-12-23,B-009,Blends item 9,Blends,9.24,12
2024-12-25,B-009,Blends item 9,Blends,9.24,12
2024-12-27,B-009,Blends item 9,Blends,9.24,11
2024-01-01,B-010,Blends item 10,Blends,14.38,37
2024-01-08,B-010,Blends item 10,Blends,14.38,39
2024-01-15,B-010,Blends item 10,Blends,14.38,33
2024-01-22,B-010,Blends item 10,Blends,14.38,28
2024-01-29,B-010,Blends item 10,Blends,15.00,11
2024-01-31,B-010,Blends item 10,Blends,15.00,10
2024-02-02,B-010,Blends item 10,Blends,15.00,10
2024-02-05,B-010,Blends item 10,Blends,15.00,20
2024-02-07,B-010,Blends item 10,Blends,15.00,20
2024-02-12,B-010,Blends item 10,Blends,15.00,10
2024-02-14,B-010,Blends item 10,Blends,15.00,10
2024-02-16,B-010,Blends item 10,Blends,15.00,9
2024-02-19,B-010,Blends item 10,Blends,11.03,39
2024-02-26,B-010,Blends item 10,Blends,15.00,8
2024-02-28,B-010,Blends item 10,Blends,15.00,7
2024-03-01,B-010,Blends item 10,Blends,15.00,7
2024-03-04,B-010,Blends item 10,Blends,15.00,16
2024-03-06,B-010,Blends item 10,Blends,15.00,16
2024-03-11,B-010,Blends item 10,Blends,15.00,35
2024-03-18,B-010,Blends item 10,Blends,10.65,15
2024-03-20,B-010,Blends item 10,Blends,10.65,15
2024-03-22,B-010,Blends item 10,Blends,10.65,14
2024-03-25,B-010,Blends item 10,Blends,15.64,11
2024-03-27,B-010,Blends item 10,Blends,15.64,10
2024-03-29,B-010,Blends item 10,Blends,15.64,10
2024-04-01,B-010,Blends item 10,Blends,13.70,37
2024-04-08,B-010,Blends item 10,Blends,13.60,7
2024-04-10,B-010,Blends item 10,Blends,13.60,6
2024-04-12,B-010,Blends item 10,Blends,13.60,6
2024-04-15,B-010,Blends item 10,Blends,15.64,13
2024-04-17,B-010,Blends item 10,Blends,15.64,13
2024-04-19,B-010,Blends item 10,Blends,15.64,12
2024-04-22,B-010,Blends item 10,Blends,12.65,9
2024-04-24,B-010,Blends item 10,Blends,12.65,9
2024-04-26,B-010,Blends item 10,Blends,12.65,8
2024-04-29,B-010,Blends item 10,Blends,15.64,12
2024-05-01,B-010,Blends item 10,Blends,15.64,11
2024-05-03,B-010,Blends item 10,Blends,15.64,11
2024-05-06,B-010,Blends item 10,Blends,15.64,27
2024-05-13,B-010,Blends item 10,Blends,15.64,29
2024-05-20,B-010,Blends item 10,Blends,15.64,12
2024-05-22,B-010,Blends item 10,Blends,15.64,12
2024-05-24,B-010,Blends item 10,Blends,15.64,11
2024-05-27,B-010,Blends item 10,Blends,15.64,12
2024-05-29,B-010,Blends item 10,Blends,15.64,12
2024-05-31,B-010,Blends item 10,Blends,15.64,12
2024-06-03,B-010,Blends item 10,Blends,15.64,35
2024-06-10,B-010,Blends item 10,Blends,13.99,23
2024-06-12,B-010,Blends item 10,Blends,13.99,22
2024-06-17,B-010,Blends item 10,Blends,15.64,7
2024-06-19,B-010,Blends item 10,Blends,15.64,6
2024-06-24,B-010,Blends item 10,Blends,15.64,13
2024-06-26,B-010,Blends item 10,Blends,15.64,13
2024-06-28,B-010,Blends item 10,Blends,15.64,12
2024-07-01,B-010,Blends item 10,Blends,15.64,16
2024-07-03,B-010,Blends item 10,Blends,15.64,16
2024-07-05,B-010,Blends item 10,Blends,15.64,15
2024-07-08,B-010,Blends item 10,Blends,15.64,10
2024-07-10,B-010,Blends item 10,Blends,15.64,9
2024-07-15,B-010,Blends item 10,Blends,15.64,17
2024-07-17,B-010,Blends item 10,Blends,15.64,16
2024-07-22,B-010,Blends item 10,Blends,15.64,15
2024-07-24,B-010,Blends item 10,Blends,15.64,15
2024-07-29,B-010,Blends item 10,Blends,15.64,10
2024-07-31,B-010,Blends item 10,Blends,15.64,10
2024-08-02,B-010,Blends item 10,Blends,15.64,10
2024-08-05,B-010,Blends item 10,Blends,15.64,8
2024-08-07,B-010,Blends item 10,Blends,15.64,7
2024-08-09,B-010,Blends item 10,Blends,15.64,7
2024-08-12,B-010,Blends item 10,Blends,15.64,8
2024-08-14,B-010,Blends item 10,Blends,15.64,8
2024-08-16,B-010,Blends item 10,Blends,15.64,8
2024-08-19,B-010,Blends item 10,Blends,15.64,39
2024-08-26,B-010,Blends item 10,Blends,12.48,42
2024-09-02,B-010,Blends item 10,Blends,15.64,13
2024-09-04,B-010,Blends item 10,Blends,15.64,13
2024-09-06,B-010,Blends item 10,Blends,15.64,13
2024-09-09,B-010,Blends item 10,Blends,15.64,20
2024-09-11,B-010,Blends item 10,Blends,15.64,20
2024-09-16,B-010,Blends item 10,Blends,15.00,16
2024-09-18,B-010,Blends item 10,Blends,15.00,16
2024-09-20,B-010,Blends item 10,Blends,15.00,16
2024-09-23,B-010,Blends item 10,Blends,15.00,48
2024-09-30,B-010,Blends item 10,Blends,11.54,14
2024-10-02,B-010,Blends item 10,Blends,11.54,13
2024-10-04,B-010,Blends item 10,Blends,11.54,13
2024-10-07,B-010,Blends item 10,Blends,13.42,29
2024-10-09,B-010,Blends item 10,Blends,13.42,29
2024-10-14,B-010,Blends item 10,Blends,15.00,15
2024-10-16,B-010,Blends item 10,Blends,15.00,14
2024-10-21,B-010,Blends item 10,Blends,15.00,42
2024-10-28,B-010,Blends item 10,Blends,13.16,26
2024-11-04,B-010,Blends item 10,Blends,12.97,9
2024-11-06,B-010,Blends item 10,Blends,12.97,8
2024-11-08,B-010,Blends item 10,Blends,12.97,8
2024-11-11,B-010,Blends item 10,Blends,15.00,9
2024-11-13,B-010,Blends item 10,Blends,15.00,8
2024-11-15,B-010,Blends item 10,Blends,15.00,8
2024-11-18,B-010,Blends item 10,Blends,13.04,14
2024-11-20,B-010,Blends item 10,Blends,13.04,14
2024-11-22,B-010,Blends item 10,Blends,13.04,13
2024-11-25,B-010,Blends item 10,Blends,15.00,32
2024-12-02,B-010,Blends item 10,Blends,12.57,20
2024-12-04,B-010,Blends item 10,Blends,12.57,19
2024-12-09,B-010,Blends item 10,Blends,15.00,35
2024-12-16,B-010,Blends item 10,Blends,15.00,19
2024-12-18,B-010,Blends item 10,Blends,15.00,18
2024-12-23,B-010,Blends item 10,Blends,15.00,16
2024-12-25,B-010,Blends item 10,Blends,15.00,15
2024-12-27,B-010,Blends item 10,Blends,15.00,15
2024-01-01,B-011,Blends item 11,Blends,21.44,12
2024-01-08,B-011,Blends item 11,Blends,21.44,2
2024-01-10,B-011,Blends item 11,Blends,21.44,2
2024-01-12,B-011,Blends item 11,Blends,21.44,1
2024-01-15,B-011,Blends item 11,Blends,21.44,5
2024-01-17,B-011,Blends item 11,Blends,21.44,5
2024-01-19,B-011,Blends item 11,Blends,21.44,5
2024-01-22,B-011,Blends item 11,Blends,21.44,4
2024-01-24,B-011,Blends item 11,Blends,21.44,4
2024-01-26,B-011,Blends item 11,Blends,21.44,4
2024-01-29,B-011,Blends item 11,Blends,21.44,10
2024-01-31,B-011,Blends item 11,Blends,21.44,9
2024-02-05,B-011,Blends item 11,Blends,21.44,9
2024-02-12,B-011,Blends item 11,Blends,21.44,5
2024-02-14,B-011,Blends item 11,Blends,21.44,5
2024-02-19,B-011,Blends item 11,Blends,16.35,14
2024-02-26,B-011,Blends item 11,Blends,21.44,6
2024-02-28,B-011,Blends item 11,Blends,21.44,6
2024-03-01,B-011,Blends item 11,Blends,21.44,6
2024-03-04,B-011,Blends item 11,Blends,21.44,4
2024-03-06,B-011,Blends item 11,Blends,21.44,4
2024-03-08,B-011,Blends item 11,Blends,21.44,4
2024-03-11,B-011,Blends item 11,Blends,21.44,4
2024-03-13,B-011,Blends item 11,Blends,21.44,3
2024-03-18,B-011,Blends item 11,Blends,21.44,8
2024-03-20,B-011,Blends item 11,Blends,21.44,7
2024-03-25,B-011,Blends item 11,Blends,17.24,4
2024-03-27,B-011,Blends item 11,Blends,17.24,3
2024-04-01,B-011,Blends item 11,Blends,21.44,9
2024-04-03,B-011,Blends item 11,Blends,21.44,9
2024-04-08,B-011,Blends item 11,Blends,21.44,14
2024-04-15,B-011,Blends item 11,Blends,21.44,10
2024-04-22,B-011,Blends item 11,Blends,21.44,5
2024-04-24,B-011,Blends item 11,Blends,21.44,4
2024-04-29,B-011,Blends item 11,Blends,21.44,8
2024-05-01,B-011,Blends item 11,Blends,21.44,7
2024-05-06,B-011,Blends item 11,Blends,15.18,6
2024-05-08,B-011,Blends item 11,Blends,15.18,6
2024-05-10,B-011,Blends item 11,Blends,15.18,6
2024-05-13,B-011,Blends item 11,Blends,21.44,5
2024-05-15,B-011,Blends item 11,Blends,21.44,5
2024-05-20,B-011,Blends item 11,Blends,21.44,17
2024-05-27,B-011,Blends item 11,Blends,21.44,4
2024-05-29,B-011,Blends item 11,Blends,21.44,4
2024-05-31,B-011,Blends item 11,Blends,21.44,3
2024-06-03,B-011,Blends item 11,Blends,21.44,6
2024-06-05,B-011,Blends item 11,Blends,21.44,5
2024-06-10,B-011,Blends item 11,Blends,21.44,4
2024-06-12,B-011,Blends item 11,Blends,21.44,3
2024-06-17,B-011,Blends item 11,Blends,16.40,10
2024-06-24,B-011,Blends item 11,Blends,21.44,9
2024-07-01,B-011,Blends item 11,Blends,21.44,9
2024-07-08,B-011,Blends item 11,Blends,21.44,2
2024-07-10,B-011,Blends item 11,Blends,21.44,2
2024-07-12,B-011,Blends item 11,Blends,21.44,2
2024-07-15,B-011,Blends item 11,Blends,17.20,4
2024-07-17,B-011,Blends item 11,Blends,17.20,4
2024-07-19,B-011,Blends item 11,Blends,17.20,3
2024-07-22,B-011,Blends item 11,Blends,21.44,6
2024-07-24,B-011,Blends item 11,Blends,21.44,6
2024-07-29,B-011,Blends item 11,Blends,21.44,4
2024-07-31,B-011,Blends item 11,Blends,21.44,4
2024-08-02,B-011,Blends item 11,Blends,21.44,4
2024-08-05,B-011,Blends item 11,Blends,21.44,7
2024-08-07,B-011,Blends item 11,Blends,21.44,7
2024-08-12,B-011,Blends item 11,Blends,21.44,14
2024-08-19,B-011,Blends item 11,Blends,21.44,5
2024-08-21,B-011,Blends item 11,Blends,21.44,4
2024-08-26,B-011,Blends item 11,Blends,21.44,5
2024-08-28,B-011,Blends item 11,Blends,21.44,4
2024-09-02,B-011,Blends item 11,Blends,21.44,6
2024-09-04,B-011,Blends item 11,Blends,21.44,6
2024-09-09,B-011,Blends item 11,Blends,21.44,3
2024-09-11,B-011,Blends item 11,Blends,21.44,3
2024-09-16,B-011,Blends item 11,Blends,21.62,4
2024-09-18,B-011,Blends item 11,Blends,21.62,4
2024-09-20,B-011,Blends item 11,Blends,21.62,3
2024-09-23,B-011,Blends item 11,Blends,21.62,10
2024-09-30,B-011,Blends item 11,Blends,21.62,14
2024-10-07,B-011,Blends item 11,Blends,21.62,8
2024-10-09,B-011,Blends item 11,Blends,21.62,7
2024-10-14,B-011,Blends item 11,Blends,18.06,18
2024-10-21,B-011,Blends item 11,Blends,21.62,5
2024-10-23,B-011,Blends item 11,Blends,21.62,5
2024-10-28,B-011,Blends item 11,Blends,15.67,13
2024-11-04,B-011,Blends item 11,Blends,15.66,9
2024-11-06,B-011,Blends item 11,Blends,15.66,8
2024-11-11,B-011,Blends item 11,Blends,21.62,7
2024-11-13,B-011,Blends item 11,Blends,21.62,6
2024-11-18,B-011,Blends item 11,Blends,15.15,6
2024-11-20,B-011,Blends item 11,Blends,15.15,5
2024-11-25,B-011,Blends item 11,Blends,21.62,4
2024-11-27,B-011,Blends item 11,Blends,21.62,3
2024-12-02,B-011,Blends item 11,Blends,21.62,5
2024-12-04,B-011,Blends item 11,Blends,21.62,5
2024-12-06,B-011,Blends item 11,Blends,21.62,5
2024-12-09,B-011,Blends item 11,Blends,16.39,7
2024-12-16,B-011,Blends item 11,Blends,21.62,13
2024-12-23,B-011,Blends item 11,Blends,21.62,8
2024-01-01,B-012,Blends item 12,Blends,27.60,8
2024-01-03,B-012,Blends item 12,Blends,27.60,7
2024-01-08,B-012,Blends item 12,Blends,27.60,26
2024-01-15,B-012,Blends item 12,Blends,27.40,15
2024-01-22,B-012,Blends item 12,Blends,22.49,6
2024-01-24,B-012,Blends item 12,Blends,22.49,6
2024-01-26,B-012,Blends item 12,Blends,22.49,5
2024-01-29,B-012,Blends item 12,Blends,27.40,5
2024-01-31,B-012,Blends item 12,Blends,27.40,5
2024-02-02,B-012,Blends item 12,Blends,27.40,5
2024-02-05,B-012,Blends item 12,Blends,27.40,16
2024-02-07,B-012,Blends item 12,Blends,27.40,16
2024-02-12,B-012,Blends item 12,Blends,23.09,24
2024-02-19,B-012,Blends item 12,Blends,27.40,8
2024-02-21,B-012,Blends item 12,Blends,27.40,7
2024-02-26,B-012,Blends item 12,Blends,27.40,4
2024-02-28,B-012,Blends item 12,Blends,27.40,4
2024-03-01,B-012,Blends item 12,Blends,27.40,4
2024-03-04,B-012,Blends item 12,Blends,27.40,15
2024-03-11,B-012,Blends item 12,Blends,27.40,6
2024-03-13,B-012,Blends item 12,Blends,27.40,6
2024-03-15,B-012,Blends item 12,Blends,27.40,5
2024-03-18,B-012,Blends item 12,Blends,27.40,25
2024-03-25,B-012,Blends item 12,Blends,28.01,12
2024-04-01,B-012,Blends item 12,Blends,28.01,7
2024-04-03,B-012,Blends item 12,Blends,28.01,6
2024-04-05,B-012,Blends item 12,Blends,28.01,6
2024-04-08,B-012,Blends item 12,Blends,28.01,6
2024-04-10,B-012,Blends item 12,Blends,28.01,5
2024-04-15,B-012,Blends item 12,Blends,28.01,20
2024-04-22,B-012,Blends item 12,Blends,28.01,15
2024-04-29,B-012,Blends item 12,Blends,28.01,20
2024-05-06,B-012,Blends item 12,Blends,28.01,23
2024-05-13,B-012,Blends item 12,Blends,28.01,11
2024-05-15,B-012,Blends item 12,Blends,28.01,11
2024-05-20,B-012,Blends item 12,Blends,23.29,6
2024-05-22,B-012,Blends item 12,Blends,23.29,6
2024-05-24,B-012,Blends item 12,Blends,23.29,6
2024-05-27,B-012,Blends item 12,Blends,28.01,15
2024-05-29,B-012,Blends item 12,Blends,28.01,15
2024-06-03,B-012,Blends item 12,Blends,22.70,9
2024-06-05,B-012,Blends item 12,Blends,22.70,9
2024-06-10,B-012,Blends item 12,Blends,28.01,4
2024-06-12,B-012,Blends item 12,Blends,28.01,4
2024-06-14,B-012,Blends item 12,Blends,28.01,3
2024-06-17,B-012,Blends item 12,Blends,28.01,17
2024-06-24,B-012,Blends item 12,Blends,28.01,8
2024-06-26,B-012,Blends item 12,Blends,28.01,7
2024-07-01,B-012,Blends item 12,Blends,28.01,6
2024-07-03,B-012,Blends item 12,Blends,28.01,6
2024-07-05,B-012,Blends item 12,Blends,28.01,6
2024-07-08,B-012,Blends item 12,Blends,21.60,9
2024-07-10,B-012,Blends item 12,Blends,21.60,9
2024-07-15,B-012,Blends item 12,Blends,28.01,18
2024-07-22,B-012,Blends item 12,Blends,28.01,5
2024-07-24,B-012,Blends item 12,Blends,28.01,5
2024-07-26,B-012,Blends item 12,Blends,28.01,4
2024-07-29,B-012,Blends item 12,Blends,28.01,10
2024-07-31,B-012,Blends item 12,Blends,28.01,10
2024-08-05,B-012,Blends item 12,Blends,25.00,10
2024-08-07,B-012,Blends item 12,Blends,25.00,9
2024-08-12,B-012,Blends item 12,Blends,22.13,13
2024-08-19,B-012,Blends item 12,Blends,28.01,9
2024-08-21,B-012,Blends item 12,Blends,28.01,9
2024-08-26,B-012,Blends item 12,Blends,28.60,14
2024-09-02,B-012,Blends item 12,Blends,28.60,19
2024-09-09,B-012,Blends item 12,Blends,28.60,12
2024-09-16,B-012,Blends item 12,Blends,25.26,15
2024-09-18,B-012,Blends item 12,Blends,25.26,14
2024-09-23,B-012,Blends item 12,Blends,28.60,6
2024-09-25,B-012,Blends item 12,Blends,28.60,6
2024-09-30,B-012,Blends item 12,Blends,21.45,7
2024-10-02,B-012,Blends item 12,Blends,21.45,7
2024-10-04,B-012,Blends item 12,Blends,21.45,6
2024-10-07,B-012,Blends item 12,Blends,28.60,8
2024-10-09,B-012,Blends item 12,Blends,28.60,8
2024-10-14,B-012,Blends item 12,Blends,28.60,4
2024-10-16,B-012,Blends item 12,Blends,28.60,3
2024-10-18,B-012,Blends item 12,Blends,28.60,3
2024-10-21,B-012,Blends item 12,Blends,28.60,4
2024-10-23,B-012,Blends item 12,Blends,28.60,4
2024-10-28,B-012,Blends item 12,Blends,28.60,6
2024-10-30,B-012,Blends item 12,Blends,28.60,6
2024-11-01,B-012,Blends item 12,Blends,28.60,6
2024-11-04,B-012,Blends item 12,Blends,28.60,19
2024-11-11,B-012,Blends item 12,Blends,23.07,17
2024-11-18,B-012,Blends item 12,Blends,28.60,8
2024-11-20,B-012,Blends item 12,Blends,28.60,8
2024-11-25,B-012,Blends item 12,Blends,28.60,15
2024-12-02,B-012,Blends item 12,Blends,28.60,9
2024-12-04,B-012,Blends item 12,Blends,28.60,9
2024-12-09,B-012,Blends item 12,Blends,28.60,7
2024-12-11,B-012,Blends item 12,Blends,28.60,7
2024-12-13,B-012,Blends item 12,Blends,28.60,6
2024-12-16,B-012,Blends item 12,Blends,28.60,5
2024-12-18,B-012,Blends item 12,Blends,28.60,5
2024-12-20,B-012,Blends item 12,Blends,28.60,5
2024-12-23,B-012,Blends item 12,Blends,28.60,6
2024-12-25,B-012,Blends item 12,Blends,28.60,5
2024-12-27,B-012,Blends item 12,Blends,28.60,5
2024-01-01,B-013,Blends item 13,Blends,23.18,13
2024-01-03,B-013,Blends item 13,Blends,23.18,13
2024-01-08,B-013,Blends item 13,Blends,23.18,14
2024-01-10,B-013,Blends item 13,Blends,23.18,14
2024-01-15,B-013,Blends item 13,Blends,23.18,35
2024-01-22,B-013,Blends item 13,Blends,23.18,29
2024-01-29,B-013,Blends item 13,Blends,23.18,13
2024-01-31,B-013,Blends item 13,Blends,23.18,13
2024-02-02,B-013,Blends item 13,Blends,23.18,13
2024-02-05,B-013,Blends item 13,Blends,23.18,7
2024-02-07,B-013,Blends item 13,Blends,23.18,7
2024-02-09,B-013,Blends item 13,Blends,23.18,7
2024-02-12,B-013,Blends item 13,Blends,23.18,14
2024-02-14,B-013,Blends item 13,Blends,23.18,14
2024-02-19,B-013,Blends item 13,Blends,23.18,6
2024-02-21,B-013,Blends item 13,Blends,23.18,6
2024-02-23,B-013,Blends item 13,Blends,23.18,6
2024-02-26,B-013,Blends item 13,Blends,23.18,10
2024-02-28,B-013,Blends item 13,Blends,23.18,10
2024-03-01,B-013,Blends item 13,Blends,23.18,10
2024-03-04,B-013,Blends item 13,Blends,23.18,15
2024-03-06,B-013,Blends item 13,Blends,23.18,14
2024-03-08,B-013,Blends item 13,Blends,23.18,14
2024-03-11,B-013,Blends item 13,Blends,23.18,15
2024-03-13,B-013,Blends item 13,Blends,23.18,15
2024-03-15,B-013,Blends item 13,Blends,23.18,14
2024-03-18,B-013,Blends item 13,Blends,23.18,18
2024-03-20,B-013,Blends item 13,Blends,23.18,18
2024-03-25,B-013,Blends item 13,Blends,23.18,31
2024-04-01,B-013,Blends item 13,Blends,23.18,11
2024-04-03,B-013,Blends item 13,Blends,23.18,11
2024-04-05,B-013,Blends item 13,Blends,23.18,10
2024-04-08,B-013,Blends item 13,Blends,23.18,44
2024-04-15,B-013,Blends item 13,Blends,23.18,16
2024-04-17,B-013,Blends item 13,Blends,23.18,15
2024-04-19,B-013,Blends item 13,Blends,23.18,15
2024-04-22,B-013,Blends item 13,Blends,23.18,18
2024-04-24,B-013,Blends item 13,Blends,23.18,18
2024-04-29,B-013,Blends item 13,Blends,23.18,18
2024-05-01,B-013,Blends item 13,Blends,23.18,18
2024-05-06,B-013,Blends item 13,Blends,18.10,40
2024-05-13,B-013,Blends item 13,Blends,23.18,10
2024-05-15,B-013,Blends item 13,Blends,23.18,10
2024-05-17,B-013,Blends item 13,Blends,23.18,10
2024-05-20,B-013,Blends item 13,Blends,23.18,12
2024-05-22,B-013,Blends item 13,Blends,23.18,11
2024-05-24,B-013,Blends item 13,Blends,23.18,11
2024-05-27,B-013,Blends item 13,Blends,23.18,9
2024-05-29,B-013,Blends item 13,Blends,23.18,9
2024-05-31,B-013,Blends item 13,Blends,23.18,8
2024-06-03,B-013,Blends item 13,Blends,23.18,17
2024-06-05,B-013,Blends item 13,Blends,23.18,16
2024-06-10,B-013,Blends item 13,Blends,17.55,13
2024-06-12,B-013,Blends item 13,Blends,17.55,13
2024-06-14,B-013,Blends item 13,Blends,17.55,12
2024-06-17,B-013,Blends item 13,Blends,18.41,11
2024-06-19,B-013,Blends item 13,Blends,18.41,11
2024-06-24,B-013,Blends item 13,Blends,20.57,27
2024-07-01,B-013,Blends item 13,Blends,23.18,8
2024-07-03,B-013,Blends item 13,Blends,23.18,8
2024-07-05,B-013,Blends item 13,Blends,23.18,7
2024-07-08,B-013,Blends item 13,Blends,16.86,13
2024-07-10,B-013,Blends item 13,Blends,16.86,12
2024-07-12,B-013,Blends item 13,Blends,16.86,12
2024-07-15,B-013,Blends item 13,Blends,23.18,15
2024-07-17,B-013,Blends item 13,Blends,23.18,14
2024-07-22,B-013,Blends item 13,Blends,19.16,22
2024-07-29,B-013,Blends item 13,Blends,23.18,10
2024-07-31,B-013,Blends item 13,Blends,23.18,9
2024-08-05,B-013,Blends item 13,Blends,23.18,10
2024-08-07,B-013,Blends item 13,Blends,23.18,9
2024-08-09,B-013,Blends item 13,Blends,23.18,9
2024-08-12,B-013,Blends item 13,Blends,23.18,11
2024-08-14,B-013,Blends item 13,Blends,23.18,11
2024-08-19,B-013,Blends item 13,Blends,18.58,19
2024-08-21,B-013,Blends item 13,Blends,18.58,19
2024-08-26,B-013,Blends item 13,Blends,23.14,27
2024-09-02,B-013,Blends item 13,Blends,23.14,14
2024-09-04,B-013,Blends item 13,Blends,23.14,14
2024-09-09,B-013,Blends item 13,Blends,19.34,15
2024-09-11,B-013,Blends item 13,Blends,19.34,14
2024-09-16,B-013,Blends item 13,Blends,23.14,17
2024-09-23,B-013,Blends item 13,Blends,23.14,10
2024-09-25,B-013,Blends item 13,Blends,23.14,10
2024-09-30,B-013,Blends item 13,Blends,23.14,11
2024-10-02,B-013,Blends item 13,Blends,23.14,10
2024-10-07,B-013,Blends item 13,Blends,23.14,32
2024-10-14,B-013,Blends item 13,Blends,23.14,10
2024-10-16,B-013,Blends item 13,Blends,23.14,9
2024-10-21,B-013,Blends item 13,Blends,23.14,29
2024-10-28,B-013,Blends item 13,Blends,23.14,34
2024-11-04,B-013,Blends item 13,Blends,23.14,24
2024-11-11,B-013,Blends item 13,Blends,23.14,10
2024-11-13,B-013,Blends item 13,Blends,23.14,10
2024-11-15,B-013,Blends item 13,Blends,23.14,9
2024-11-18,B-013,Blends item 13,Blends,23.14,36
2024-11-25,B-013,Blends item 13,Blends,23.14,11
2024-11-27,B-013,Blends item 13,Blends,23.14,10
2024-11-29,B-013,Blends item 13,Blends,23.14,10
2024-12-02,B-013,Blends item 13,Blends,23.14,46
2024-12-09,B-013,Blends item 13,Blends,18.37,10
2024-12-11,B-013,Blends item 13,Blends,18.37,10
2024-12-13,B-013,Blends item 13,Blends,18.37,9
2024-12-16,B-013,Blends item 13,Blends,19.53,26
2024-12-23,B-013,Blends item 13,Blends,23.14,10
2024-12-25,B-013,Blends item 13,Blends,23.14,10
2024-12-27,B-013,Blends item 13,Blends,23.14,10
2024-01-01,B-014,Blends item 14,Blends,6.38,26
2024-01-03,B-014,Blends item 14,Blends,6.38,26
2024-01-05,B-014,Blends item 14,Blends,6.38,26
2024-01-08,B-014,Blends item 14,Blends,5.85,39
2024-01-10,B-014,Blends item 14,Blends,5.85,39
2024-01-15,B-014,Blends item 14,Blends,4.17,111
2024-01-22,B-014,Blends item 14,Blends,4.58,45
2024-01-24,B-014,Blends item 14,Blends,4.58,45
2024-01-29,B-014,Blends item 14,Blends,5.85,49
2024-01-31,B-014,Blends item 14,Blends,5.85,49
2024-02-05,B-014,Blends item 14,Blends,5.85,78
2024-02-12,B-014,Blends item 14,Blends,5.85,100
2024-02-19,B-014,Blends item 14,Blends,5.13,33
2024-02-21,B-014,Blends item 14,Blends,5.13,32
2024-02-23,B-014,Blends item 14,Blends,5.13,32
2024-02-26,B-014,Blends item 14,Blends,5.85,30
2024-02-28,B-014,Blends item 14,Blends,5.85,29
2024-03-04,B-014,Blends item 14,Blends,5.85,24
2024-03-06,B-014,Blends item 14,Blends,5.85,24
2024-03-08,B-014,Blends item 14,Blends,5.85,24
2024-03-11,B-014,Blends item 14,Blends,5.85,134
2024-03-18,B-014,Blends item 14,Blends,5.85,29
2024-03-20,B-014,Blends item 14,Blends,5.85,29
2024-03-22,B-014,Blends item 14,Blends,5.85,29
2024-03-25,B-014,Blends item 14,Blends,5.91,25
2024-03-27,B-014,Blends item 14,Blends,5.91,25
2024-03-29,B-014,Blends item 14,Blends,5.91,24
2024-04-01,B-014,Blends item 14,Blends,5.91,72
2024-04-08,B-014,Blends item 14,Blends,5.91,31
2024-04-10,B-014,Blends item 14,Blends,5.91,31
2024-04-12,B-014,Blends item 14,Blends,5.91,31
2024-04-15,B-014,Blends item 14,Blends,5.91,51
2024-04-17,B-014,Blends item 14,Blends,5.91,50
2024-04-22,B-014,Blends item 14,Blends,5.91,80
2024-04-29,B-014,Blends item 14,Blends,5.91,24
2024-05-01,B-014,Blends item 14,Blends,5.91,24
2024-05-06,B-014,Blends item 14,Blends,4.30,38
2024-05-08,B-014,Blends item 14,Blends,4.30,38
2024-05-13,B-014,Blends item 14,Blends,5.91,31
2024-05-15,B-014,Blends item 14,Blends,5.91,30
2024-05-17,B-014,Blends item 14,Blends,5.91,30
2024-05-20,B-014,Blends item 14,Blends,5.91,44
2024-05-22,B-014,Blends item 14,Blends,5.91,43
2024-05-27,B-014,Blends item 14,Blends,5.91,50
2024-05-29,B-014,Blends item 14,Blends,5.91,49
2024-06-03,B-014,Blends item 14,Blends,5.91,24
2024-06-05,B-014,Blends item 14,Blends,5.91,24
2024-06-07,B-014,Blends item 14,Blends,5.91,24
2024-06-10,B-014,Blends item 14,Blends,5.91,25
2024-06-12,B-014,Blends item 14,Blends,5.91,24
2024-06-14,B-014,Blends item 14,Blends,5.91,24
2024-06-17,B-014,Blends item 14,Blends,4.88,31
2024-06-19,B-014,Blends item 14,Blends,4.88,30
2024-06-21,B-014,Blends item 14,Blends,4.88,30
2024-06-24,B-014,Blends item 14,Blends,5.91,31
2024-06-26,B-014,Blends item 14,Blends,5.91,31
2024-06-28,B-014,Blends item 14,Blends,5.91,31
2024-07-01,B-014,Blends item 14,Blends,5.91,76
2024-07-08,B-014,Blends item 14,Blends,5.91,21
2024-07-10,B-014,Blends item 14,Blends,5.91,20
2024-07-12,B-014,Blends item 14,Blends,5.91,20
2024-07-15,B-014,Blends item 14,Blends,5.91,29
2024-07-17,B-014,Blends item 14,Blends,5.91,29
2024-07-19,B-014,Blends item 14,Blends,5.91,29
2024-07-22,B-014,Blends item 14,Blends,4.31,91
2024-07-29,B-014,Blends item 14,Blends,5.91,37
2024-07-31,B-014,Blends item 14,Blends,5.91,37
2024-08-05,B-014,Blends item 14,Blends,5.91,30
2024-08-07,B-014,Blends item 14,Blends,5.91,29
2024-08-09,B-014,Blends item 14,Blends,5.91,29
2024-08-12,B-014,Blends item 14,Blends,5.91,26
2024-08-14,B-014,Blends item 14,Blends,5.91,25
2024-08-16,B-014,Blends item 14,Blends,5.91,25
2024-08-19,B-014,Blends item 14,Blends,5.91,48
2024-08-21,B-014,Blends item 14,Blends,5.91,48
2024-08-26,B-014,Blends item 14,Blends,5.02,42
2024-08-28,B-014,Blends item 14,Blends,5.02,41
2024-09-02,B-014,Blends item 14,Blends,4.57,97
2024-09-09,B-014,Blends item 14,Blends,5.91,42
2024-09-11,B-014,Blends item 14,Blends,5.91,42
2024-09-16,B-014,Blends item 14,Blends,4.45,41
2024-09-18,B-014,Blends item 14,Blends,4.45,41
2024-09-20,B-014,Blends item 14,Blends,4.45,41
2024-09-23,B-014,Blends item 14,Blends,5.91,80
2024-09-30,B-014,Blends item 14,Blends,4.64,52
2024-10-02,B-014,Blends item 14,Blends,4.64,52
2024-10-07,B-014,Blends item 14,Blends,5.91,32
2024-10-09,B-014,Blends item 14,Blends,5.91,32
2024-10-11,B-014,Blends item 14,Blends,5.91,32
2024-10-14,B-014,Blends item 14,Blends,5.91,87
2024-10-21,B-014,Blends item 14,Blends,5.91,30
2024-10-23,B-014,Blends item 14,Blends,5.91,29
2024-10-25,B-014,Blends item 14,Blends,5.91,29
2024-10-28,B-014,Blends item 14,Blends,5.91,32
2024-10-30,B-014,Blends item 14,Blends,5.91,32
2024-11-01,B-014,Blends item 14,Blends,5.91,31
2024-11-04,B-014,Blends item 14,Blends,5.91,25
2024-11-06,B-014,Blends item 14,Blends,5.91,24
2024-11-08,B-014,Blends item 14,Blends,5.91,24
2024-11-11,B-014,Blends item 14,Blends,4.66,125
2024-11-18,B-014,Blends item 14,Blends,5.14,49
2024-11-20,B-014,Blends item 14,Blends,5.14,48
2024-11-25,B-014,Blends item 14,Blends,6.05,33
2024-11-27,B-014,Blends item 14,Blends,6.05,33
2024-11-29,B-014,Blends item 14,Blends,6.05,32
2024-12-02,B-014,Blends item 14,Blends,6.05,29
2024-12-04,B-014,Blends item 14,Blends,6.05,29
2024-12-06,B-014,Blends item 14,Blends,6.05,28
2024-12-09,B-014,Blends item 14,Blends,5.43,85
2024-12-16,B-014,Blends item 14,Blends,6.05,44
2024-12-18,B-014,Blends item 14,Blends,6.05,43
2024-12-23,B-014,Blends item 14,Blends,6.05,31
2024-12-25,B-014,Blends item 14,Blends,6.05,31
2024-01-01,B-015,Blends item 15,Blends,15.47,9
2024-01-03,B-015,Blends item 15,Blends,15.47,9
2024-01-05,B-015,Blends item 15,Blends,15.47,8
2024-01-08,B-015,Blends item 15,Blends,15.47,12
2024-01-10,B-015,Blends item 15,Blends,15.47,11
2024-01-15,B-015,Blends item 15,Blends,15.47,20
2024-01-22,B-015,Blends item 15,Blends,15.47,42
2024-01-29,B-015,Blends item 15,Blends,12.35,10
2024-01-31,B-015,Blends item 15,Blends,12.35,9
2024-02-02,B-015,Blends item 15,Blends,12.35,9
2024-02-05,B-015,Blends item 15,Blends,15.47,9
2024-02-07,B-015,Blends item 15,Blends,15.47,8
2024-02-09,B-015,Blends item 15,Blends,15.47,8
2024-02-12,B-015,Blends item 15,Blends,15.47,33
2024-02-19,B-015,Blends item 15,Blends,13.52,9
2024-02-21,B-015,Blends item 15,Blends,13.52,8
2024-02-23,B-015,Blends item 15,Blends,13.52,8
2024-02-26,B-015,Blends item 15,Blends,11.27,11
2024-02-28,B-015,Blends item 15,Blends,11.27,11
2024-03-01,B-015,Blends item 15,Blends,11.27,11
2024-03-04,B-015,Blends item 15,Blends,15.47,11
2024-03-06,B-015,Blends item 15,Blends,15.47,10
2024-03-11,B-015,Blends item 15,Blends,15.47,25
2024-03-18,B-015,Blends item 15,Blends,15.47,23
2024-03-25,B-015,Blends item 15,Blends,15.47,11
2024-03-27,B-015,Blends item 15,Blends,15.47,10
2024-03-29,B-015,Blends item 15,Blends,15.47,10
2024-04-01,B-015,Blends item 15,Blends,15.47,9
2024-04-03,B-015,Blends item 15,Blends,15.47,8
2024-04-08,B-015,Blends item 15,Blends,15.71,7
2024-04-10,B-015,Blends item 15,Blends,15.71,7
2024-04-12,B-015,Blends item 15,Blends,15.71,6
2024-04-15,B-015,Blends item 15,Blends,15.71,8
2024-04-17,B-015,Blends item 15,Blends,15.71,7
2024-04-22,B-015,Blends item 15,Blends,15.71,14
2024-04-24,B-015,Blends item 15,Blends,15.71,14
2024-04-29,B-015,Blends item 15,Blends,15.71,16
2024-05-06,B-015,Blends item 15,Blends,13.16,9
2024-05-08,B-015,Blends item 15,Blends,13.16,9
2024-05-13,B-015,Blends item 15,Blends,15.71,8
2024-05-15,B-015,Blends item 15,Blends,15.71,7
2024-05-17,B-015,Blends item 15,Blends,15.71,7
2024-05-20,B-015,Blends item 15,Blends,15.71,23
2024-05-27,B-015,Blends item 15,Blends,15.71,17
2024-05-29,B-015,Blends item 15,Blends,15.71,16
2024-06-03,B-015,Blends item 15,Blends,15.71,11
2024-06-05,B-015,Blends item 15,Blends,15.71,10
2024-06-10,B-015,Blends item 15,Blends,15.71,25
2024-06-17,B-015,Blends item 15,Blends,15.71,22
2024-06-24,B-015,Blends item 15,Blends,15.71,5
2024-06-26,B-015,Blends item 15,Blends,15.71,5
2024-06-28,B-015,Blends item 15,Blends,15.71,5
2024-07-01,B-015,Blends item 15,Blends,15.71,17
2024-07-03,B-015,Blends item 15,Blends,15.71,16
2024-07-08,B-015,Blends item 15,Blends,13.97,21
2024-07-15,B-015,Blends item 15,Blends,15.71,10
2024-07-17,B-015,Blends item 15,Blends,15.71,10
2024-07-19,B-015,Blends item 15,Blends,15.71,9
2024-07-22,B-015,Blends item 15,Blends,12.99,24
2024-07-29,B-015,Blends item 15,Blends,15.71,11
2024-07-31,B-015,Blends item 15,Blends,15.71,11
2024-08-02,B-015,Blends item 15,Blends,15.71,11
2024-08-05,B-015,Blends item 15,Blends,12.38,9
2024-08-07,B-015,Blends item 15,Blends,12.38,8
2024-08-09,B-015,Blends item 15,Blends,12.38,8
2024-08-12,B-015,Blends item 15,Blends,15.71,8
2024-08-14,B-015,Blends item 15,Blends,15.71,8
2024-08-19,B-015,Blends item 15,Blends,15.71,13
2024-08-21,B-015,Blends item 15,Blends,15.71,13
2024-08-26,B-015,Blends item 15,Blends,15.71,6
2024-08-28,B-015,Blends item 15,Blends,15.71,6
2024-08-30,B-015,Blends item 15,Blends,15.71,5
2024-09-02,B-015,Blends item 15,Blends,15.71,9
2024-09-04,B-015,Blends item 15,Blends,15.71,9
2024-09-06,B-015,Blends item 15,Blends,15.71,8
2024-09-09,B-015,Blends item 15,Blends,12.19,29
2024-09-16,B-015,Blends item 15,Blends,15.71,7
2024-09-18,B-015,Blends item 15,Blends,15.71,7
2024-09-20,B-015,Blends item 15,Blends,15.71,6
2024-09-23,B-015,Blends item 15,Blends,15.71,5
2024-09-25,B-015,Blends item 15,Blends,15.71,5
2024-09-27,B-015,Blends item 15,Blends,15.71,5
2024-09-30,B-015,Blends item 15,Blends,15.71,21
2024-10-02,B-015,Blends item 15,Blends,15.71,21
2024-10-07,B-015,Blends item 15,Blends,11.90,34
2024-10-14,B-015,Blends item 15,Blends,15.71,9
2024-10-16,B-015,Blends item 15,Blends,15.71,9
2024-10-18,B-015,Blends item 15,Blends,15.71,8
2024-10-21,B-015,Blends item 15,Blends,15.71,8
2024-10-23,B-015,Blends item 15,Blends,15.71,8
2024-10-25,B-015,Blends item 15,Blends,15.71,7
2024-10-28,B-015,Blends item 15,Blends,15.71,16
2024-10-30,B-015,Blends item 15,Blends,15.71,15
2024-11-04,B-015,Blends item 15,Blends,13.31,13
2024-11-06,B-015,Blends item 15,Blends,13.31,12
2024-11-11,B-015,Blends item 15,Blends,15.71,36
2024-11-18,B-015,Blends item 15,Blends,15.71,13
2024-11-20,B-015,Blends item 15,Blends,15.71,13
2024-11-25,B-015,Blends item 15,Blends,15.71,10
2024-11-27,B-015,Blends item 15,Blends,15.71,10
2024-11-29,B-015,Blends item 15,Blends,15.71,10
2024-12-02,B-015,Blends item 15,Blends,15.71,25
2024-12-09,B-015,Blends item 15,Blends,15.71,6
2024-12-11,B-015,Blends item 15,Blends,15.71,6
2024-12-13,B-015,Blends item 15,Blends,15.71,6
2024-12-16,B-015,Blends item 15,Blends,15.71,12
2024-12-18,B-015,Blends item 15,Blends,15.71,11
2024-12-20,B-015,Blends item 15,Blends,15.71,11
2024-12-23,B-015,Blends item 15,Blends,15.71,15
2024-12-25,B-015,Blends item 15,Blends,15.71,14
2024-01-01,B-016,Blends item 16,Blends,13.94,37
2024-01-08,B-016,Blends item 16,Blends,17.03,36
2024-01-10,B-016,Blends item 16,Blends,17.03,36
2024-01-15,B-016,Blends item 16,Blends,17.03,24
2024-01-17,B-016,Blends item 16,Blends,17.03,24
2024-01-19,B-016,Blends item 16,Blends,17.03,23
2024-01-22,B-016,Blends item 16,Blends,17.03,32
2024-01-24,B-016,Blends item 16,Blends,17.03,32
2024-01-29,B-016,Blends item 16,Blends,17.03,14
2024-01-31,B-016,Blends item 16,Blends,17.03,14
2024-02-02,B-016,Blends item 16,Blends,17.03,14
2024-02-05,B-016,Blends item 16,Blends,17.03,57
2024-02-12,B-016,Blends item 16,Blends,17.03,36
2024-02-14,B-016,Blends item 16,Blends,17.03,36
2024-02-19,B-016,Blends item 16,Blends,17.03,73
2024-02-26,B-016,Blends item 16,Blends,17.03,25
2024-02-28,B-016,Blends item 16,Blends,17.03,24
2024-03-04,B-016,Blends item 16,Blends,17.03,29
2024-03-06,B-016,Blends item 16,Blends,17.03,28
2024-03-11,B-016,Blends item 16,Blends,17.03,19
2024-03-13,B-016,Blends item 16,Blends,17.03,19
2024-03-15,B-016,Blends item 16,Blends,17.03,19
2024-03-18,B-016,Blends item 16,Blends,17.03,48
2024-03-25,B-016,Blends item 16,Blends,17.03,30
2024-03-27,B-016,Blends item 16,Blends,17.03,29
2024-04-01,B-016,Blends item 16,Blends,17.03,35
2024-04-03,B-016,Blends item 16,Blends,17.03,34
2024-04-08,B-016,Blends item 16,Blends,17.03,21
2024-04-10,B-016,Blends item 16,Blends,17.03,21
2024-04-12,B-016,Blends item 16,Blends,17.03,21
2024-04-15,B-016,Blends item 16,Blends,17.03,33
2024-04-17,B-016,Blends item 16,Blends,17.03,33
2024-04-22,B-016,Blends item 16,Blends,17.03,20
2024-04-24,B-016,Blends item 16,Blends,17.03,20
2024-04-26,B-016,Blends item 16,Blends,17.03,19
2024-04-29,B-016,Blends item 16,Blends,13.42,32
2024-05-01,B-016,Blends item 16,Blends,13.42,31
2024-05-06,B-016,Blends item 16,Blends,17.03,75
2024-05-13,B-016,Blends item 16,Blends,17.03,18
2024-05-15,B-016,Blends item 16,Blends,17.03,18
2024-05-17,B-016,Blends item 16,Blends,17.03,18
2024-05-20,B-016,Blends item 16,Blends,17.03,53
2024-05-27,B-016,Blends item 16,Blends,17.03,25
2024-05-29,B-016,Blends item 16,Blends,17.03,25
2024-05-31,B-016,Blends item 16,Blends,17.03,24
2024-06-03,B-016,Blends item 16,Blends,14.46,22
2024-06-05,B-016,Blends item 16,Blends,14.46,22
2024-06-10,B-016,Blends item 16,Blends,17.03,26
2024-06-12,B-016,Blends item 16,Blends,17.03,25
2024-06-14,B-016,Blends item 16,Blends,17.03,25
2024-06-17,B-016,Blends item 16,Blends,13.80,35
2024-06-19,B-016,Blends item 16,Blends,13.80,35
2024-06-24,B-016,Blends item 16,Blends,17.03,62
2024-07-01,B-016,Blends item 16,Blends,17.03,33
2024-07-03,B-016,Blends item 16,Blends,17.03,33
2024-07-08,B-016,Blends item 16,Blends,13.49,85
2024-07-15,B-016,Blends item 16,Blends,14.08,33
2024-07-17,B-016,Blends item 16,Blends,14.08,32
2024-07-22,B-016,Blends item 16,Blends,13.41,23
2024-07-24,B-016,Blends item 16,Blends,13.41,23
2024-07-26,B-016,Blends item 16,Blends,13.41,22
2024-07-29,B-016,Blends item 16,Blends,17.03,53
2024-08-05,B-016,Blends item 16,Blends,17.03,35
2024-08-12,B-016,Blends item 16,Blends,13.61,23
2024-08-14,B-016,Blends item 16,Blends,13.61,23
2024-08-16,B-016,Blends item 16,Blends,13.61,23
2024-08-19,B-016,Blends item 16,Blends,17.03,58
2024-08-26,B-016,Blends item 16,Blends,17.03,33
2024-08-28,B-016,Blends item 16,Blends,17.03,33
2024-09-02,B-016,Blends item 16,Blends,17.03,45
2024-09-09,B-016,Blends item 16,Blends,14.58,28
2024-09-11,B-016,Blends item 16,Blends,14.58,28
2024-09-13,B-016,Blends item 16,Blends,14.58,28
2024-09-16,B-016,Blends item 16,Blends,17.03,24
2024-09-18,B-016,Blends item 16,Blends,17.03,23
2024-09-23,B-016,Blends item 16,Blends,12.35,25
2024-09-25,B-016,Blends item 16,Blends,12.35,24
2024-09-30,B-016,Blends item 16,Blends,17.03,21
2024-10-02,B-016,Blends item 16,Blends,17.03,21
2024-10-07,B-016,Blends item 16,Blends,17.03,53
2024-10-14,B-016,Blends item 16,Blends,17.03,21
2024-10-16,B-016,Blends item 16,Blends,17.03,21
2024-10-18,B-016,Blends item 16,Blends,17.03,20
2024-10-21,B-016,Blends item 16,Blends,17.03,30
2024-10-23,B-016,Blends item 16,Blends,17.03,29
2024-10-28,B-016,Blends item 16,Blends,17.03,78
2024-11-04,B-016,Blends item 16,Blends,15.15,46
2024-11-11,B-016,Blends item 16,Blends,17.03,23
2024-11-13,B-016,Blends item 16,Blends,17.03,23
2024-11-15,B-016,Blends item 16,Blends,17.03,22
2024-11-18,B-016,Blends item 16,Blends,17.03,51
2024-11-25,B-016,Blends item 16,Blends,17.03,41
2024-12-02,B-016,Blends item 16,Blends,17.03,41
2024-12-09,B-016,Blends item 16,Blends,17.03,23
2024-12-11,B-016,Blends item 16,Blends,17.03,23
2024-12-13,B-016,Blends item 16,Blends,17.03,22
2024-12-16,B-016,Blends item 16,Blends,17.03,54
2024-12-23,B-016,Blends item 16,Blends,17.03,65
2024-01-01,B-017,Blends item 17,Blends,39.73,43
2024-01-03,B-017,Blends item 17,Blends,39.73,43
2024-01-08,B-017,Blends item 17,Blends,39.73,29
2024-01-10,B-017,Blends item 17,Blends,39.73,29
2024-01-12,B-017,Blends item 17,Blends,39.73,28
2024-01-15,B-017,Blends item 17,Blends,32.23,109
2024-01-22,B-017,Blends item 17,Blends,39.73,91
2024-01-29,B-017,Blends item 17,Blends,39.73,20
2024-01-31,B-017,Blends item 17,Blends,39.73,20
2024-02-02,B-017,Blends item 17,Blends,39.73,20
2024-02-05,B-017,Blends item 17,Blends,32.94,32
2024-02-07,B-017,Blends item 17,Blends,32.94,32
2024-02-12,B-017,Blends item 17,Blends,39.73,40
2024-02-14,B-017,Blends item 17,Blends,39.73,40
2024-02-19,B-017,Blends item 17,Blends,39.73,23
2024-02-21,B-017,Blends item 17,Blends,39.73,23
2024-02-23,B-017,Blends item 17,Blends,39.73,23
2024-02-26,B-017,Blends item 17,Blends,30.83,92
2024-03-04,B-017,Blends item 17,Blends,39.73,59
2024-03-11,B-017,Blends item 17,Blends,28.02,92
2024-03-18,B-017,Blends item 17,Blends,33.31,41
2024-03-20,B-017,Blends item 17,Blends,33.31,41
2024-03-25,B-017,Blends item 17,Blends,29.71,29
2024-03-27,B-017,Blends item 17,Blends,29.71,28
2024-03-29,B-017,Blends item 17,Blends,29.71,28
2024-04-01,B-017,Blends item 17,Blends,34.22,70
2024-04-08,B-017,Blends item 17,Blends,39.73,25
2024-04-10,B-017,Blends item 17,Blends,39.73,25
2024-04-12,B-017,Blends item 17,Blends,39.73,24
2024-04-15,B-017,Blends item 17,Blends,44.78,32
2024-04-17,B-017,Blends item 17,Blends,44.78,31
2024-04-22,B-017,Blends item 17,Blends,44.78,55
2024-04-29,B-017,Blends item 17,Blends,44.78,46
2024-05-06,B-017,Blends item 17,Blends,44.78,28
2024-05-08,B-017,Blends item 17,Blends,44.78,27
2024-05-13,B-017,Blends item 17,Blends,44.78,37
2024-05-15,B-017,Blends item 17,Blends,44.78,37
2024-05-20,B-017,Blends item 17,Blends,44.78,60
2024-05-27,B-017,Blends item 17,Blends,44.78,24
2024-05-29,B-017,Blends item 17,Blends,44.78,24
2024-05-31,B-017,Blends item 17,Blends,44.78,24
2024-06-03,B-017,Blends item 17,Blends,44.78,22
2024-06-05,B-017,Blends item 17,Blends,44.78,22
2024-06-07,B-017,Blends item 17,Blends,44.78,21
2024-06-10,B-017,Blends item 17,Blends,44.78,24
2024-06-12,B-017,Blends item 17,Blends,44.78,23
2024-06-14,B-017,Blends item 17,Blends,44.78,23
2024-06-17,B-017,Blends item 17,Blends,44.78,19
2024-06-19,B-017,Blends item 17,Blends,44.78,18
2024-06-21,B-017,Blends item 17,Blends,44.78,18
2024-06-24,B-017,Blends item 17,Blends,44.78,19
2024-06-26,B-017,Blends item 17,Blends,44.78,19
2024-06-28,B-017,Blends item 17,Blends,44.78,18
2024-07-01,B-017,Blends item 17,Blends,36.75,20
2024-07-03,B-017,Blends item 17,Blends,36.75,20
2024-07-05,B-017,Blends item 17,Blends,36.75,20
2024-07-08,B-017,Blends item 17,Blends,39.40,22
2024-07-10,B-017,Blends item 17,Blends,39.40,22
2024-07-12,B-017,Blends item 17,Blends,39.40,22
2024-07-15,B-017,Blends item 17,Blends,31.89,87
2024-07-22,B-017,Blends item 17,Blends,44.78,36
2024-07-24,B-017,Blends item 17,Blends,44.78,36
2024-07-29,B-017,Blends item 17,Blends,44.78,30
2024-07-31,B-017,Blends item 17,Blends,44.78,29
2024-08-05,B-017,Blends item 17,Blends,38.24,34
2024-08-07,B-017,Blends item 17,Blends,38.24,34
2024-08-12,B-017,Blends item 17,Blends,44.78,33
2024-08-14,B-017,Blends item 17,Blends,44.78,33
2024-08-16,B-017,Blends item 17,Blends,44.78,32
2024-08-19,B-017,Blends item 17,Blends,44.78,52
2024-08-26,B-017,Blends item 17,Blends,44.78,36
2024-08-28,B-017,Blends item 17,Blends,44.78,35
2024-09-02,B-017,Blends item 17,Blends,44.78,21
2024-09-04,B-017,Blends item 17,Blends,44.78,20
2024-09-06,B-017,Blends item 17,Blends,44.78,20
2024-09-09,B-017,Blends item 17,Blends,44.78,69
2024-09-16,B-017,Blends item 17,Blends,44.78,18
2024-09-18,B-017,Blends item 17,Blends,44.78,17
2024-09-20,B-017,Blends item 17,Blends,44.78,17
2024-09-23,B-017,Blends item 17,Blends,44.78,73
2024-09-30,B-017,Blends item 17,Blends,44.78,20
2024-10-02,B-017,Blends item 17,Blends,44.78,20
2024-10-04,B-017,Blends item 17,Blends,44.78,19
2024-10-07,B-017,Blends item 17,Blends,36.78,24
2024-10-09,B-017,Blends item 17,Blends,36.78,23
2024-10-11,B-017,Blends item 17,Blends,36.78,23
2024-10-14,B-017,Blends item 17,Blends,44.78,19
2024-10-16,B-017,Blends item 17,Blends,44.78,18
2024-10-18,B-017,Blends item 17,Blends,44.78,18
2024-10-21,B-017,Blends item 17,Blends,44.78,75
2024-10-28,B-017,Blends item 17,Blends,44.78,27
2024-10-30,B-017,Blends item 17,Blends,44.78,27
2024-11-04,B-017,Blends item 17,Blends,44.78,18
2024-11-06,B-017,Blends item 17,Blends,44.78,18
2024-11-08,B-017,Blends item 17,Blends,44.78,18
2024-11-11,B-017,Blends item 17,Blends,44.78,35
2024-11-13,B-017,Blends item 17,Blends,44.78,35
2024-11-18,B-017,Blends item 17,Blends,44.78,34
2024-11-20,B-017,Blends item 17,Blends,44.78,34
2024-11-25,B-017,Blends item 17,Blends,35.44,46
2024-11-27,B-017,Blends item 17,Blends,35.44,45
2024-12-02,B-017,Blends item 17,Blends,37.92,25
2024-12-04,B-017,Blends item 17,Blends,37.92,25
2024-12-06,B-017,Blends item 17,Blends,37.92,25
2024-12-09,B-017,Blends item 17,Blends,44.78,18
2024-12-11,B-017,Blends item 17,Blends,44.78,18
2024-12-13,B-017,Blends item 17,Blends,44.78,18
2024-12-16,B-017,Blends item 17,Blends,44.78,36
2024-12-18,B-017,Blends item 17,Blends,44.78,35
2024-12-23,B-017,Blends item 17,Blends,44.78,27
2024-12-25,B-017,Blends item 17,Blends,44.78,27
2024-12-27,B-017,Blends item 17,Blends,44.78,26
